timestamp,endpoint,latency_ms,status_code,rows_processed,memory_mb,is_anomaly,anomaly_type
2026-09-01 00:00:00,/aggregate,266.3639630796955,200,31067,179.7730345806146,False,normal
2026-09-01 00:00:30,/merge,102.3565127172435,200,10191,145.45085060011485,False,normal
2026-09-01 00:01:00,/merge,159.48179507964647,200,15672,295.35687997528254,False,normal
2026-09-01 00:01:30,/process,342.427900878083,200,40723,328.9451792542966,False,normal
2026-09-01 00:02:00,/process,97.77109880872162,200,6380,276.9219278049252,False,normal
2026-09-01 00:02:30,/merge,272.0173954936026,200,35967,139.5354988678261,False,normal
2026-09-01 00:03:00,/process,186.672936219166,200,20362,270.6010973866835,False,normal
2026-09-01 00:03:30,/merge,371.6178070331811,200,44976,216.3690941603673,False,normal
2026-09-01 00:04:00,/merge,197.4128247993019,200,20524,329.6854309901331,False,normal
2026-09-01 00:04:30,/aggregate,390.17576840542966,200,46235,81.6258937708319,False,normal
2026-09-01 00:05:00,/process,88.33385331641297,502,8349,288.7062795275341,True,error_spike
2026-09-01 00:05:30,/process,140.38739026790316,200,11912,205.9183591872055,False,normal
2026-09-01 00:06:00,/process,193.4525140660798,200,22008,311.0359290320436,False,normal
2026-09-01 00:06:30,/aggregate,374.76131489610185,200,46098,243.57370198770474,False,normal
2026-09-01 00:07:00,/aggregate,364.92363810158736,200,44242,82.05267294458572,False,normal
2026-09-01 00:07:30,/aggregate,200.99175225205454,200,20221,1189.7827162549358,True,memory_spike
2026-09-01 00:08:00,/export,340.0774443364653,200,42797,223.97263778420069,False,normal
2026-09-01 00:08:30,/merge,289.8197943010264,200,33986,144.5994344038019,False,normal
2026-09-01 00:09:00,/aggregate,375.162842882494,200,49076,112.91411804601877,False,normal
2026-09-01 00:09:30,/export,361.5382745600169,200,47649,187.5340922930215,False,normal
2026-09-01 00:10:00,/process,344.64276328082525,200,41025,231.44361322585675,False,normal
2026-09-01 00:10:30,/process,256.98197235206493,200,29808,209.14746468394102,False,normal
2026-09-01 00:11:00,/aggregate,156.16797906708024,200,18757,310.0937695471083,True,memory_spike
2026-09-01 00:11:30,/process,240.709226691287,200,29188,119.9331111029916,False,normal
2026-09-01 00:12:00,/process,337.61161671642463,200,41170,263.81592192217397,False,normal
2026-09-01 00:12:30,/aggregate,97.89724818612525,200,3635,227.34962324804826,False,normal
2026-09-01 00:13:00,/aggregate,195.1050622011706,200,18615,280.5631949600078,False,normal
2026-09-01 00:13:30,/export,270.2043451764839,200,29872,191.92662422636175,False,normal
2026-09-01 00:14:00,/aggregate,288.1180498908489,200,37965,149.36389400385963,False,normal
2026-09-01 00:14:30,/aggregate,132.58902413966192,200,12131,295.50365039582584,False,normal
2026-09-01 00:15:00,/aggregate,155.6411078722016,200,14194,138.90200529039834,False,normal
2026-09-01 00:15:30,/process,191.34434588465913,200,19473,96.35469891166413,False,normal
2026-09-01 00:16:00,/process,320.6021286992364,200,37891,179.51748130835273,False,normal
2026-09-01 00:16:30,/process,178.31549709099417,200,18955,201.8442970868337,False,normal
2026-09-01 00:17:00,/aggregate,108.76196732879,502,4754,136.46172831391172,True,error_spike
2026-09-01 00:17:30,/process,411.95264494823806,200,48670,338.01096036767575,False,normal
2026-09-01 00:18:00,/process,179.18650722423828,200,18781,142.48861646410012,False,normal
2026-09-01 00:18:30,/process,257.90925493698137,200,31925,112.93070705862624,False,normal
2026-09-01 00:19:00,/merge,216.54516716281785,200,19518,258.61627544712485,False,normal
2026-09-01 00:19:30,/process,294.76343386655213,200,36275,118.64620584157653,False,normal
2026-09-01 00:20:00,/process,332.63529686391496,200,37938,155.57586504792488,False,normal
2026-09-01 00:20:30,/merge,138.7934027268778,200,8720,191.7161603908488,False,normal
2026-09-01 00:21:00,/aggregate,336.8207809052787,200,6648,153.96394481154417,True,latency_spike
2026-09-01 00:21:30,/merge,160.46114516566942,200,15283,256.52141782842784,False,normal
2026-09-01 00:22:00,/aggregate,74.63379432830004,200,4389,117.81161132358744,False,normal
2026-09-01 00:22:30,/merge,364.03897794992105,200,43885,253.92627601816253,False,normal
2026-09-01 00:23:00,/process,387.7294859922032,200,47686,111.27327507078951,False,normal
2026-09-01 00:23:30,/aggregate,120.99135770671079,200,6099,236.62490432434362,False,normal
2026-09-01 00:24:00,/aggregate,160.3897845417141,200,14631,344.2679620023064,False,normal
2026-09-01 00:24:30,/merge,382.6117161254381,200,47660,292.47065872305814,False,normal
2026-09-01 00:25:00,/process,275.4464932632047,200,29920,335.50970713606137,False,normal
2026-09-01 00:25:30,/aggregate,195.0331139007724,200,21427,227.42963679633775,False,normal
2026-09-01 00:26:00,/process,100.11984203404825,200,8068,122.80277424595579,False,normal
2026-09-01 00:26:30,/process,219.59861483376972,200,19558,179.9596248011896,False,normal
2026-09-01 00:27:00,/process,157.4822747573801,200,17239,289.6124208398625,False,normal
2026-09-01 00:27:30,/process,222.24909664894736,200,25780,115.62900295111433,False,normal
2026-09-01 00:28:00,/merge,277.637792436265,200,32551,259.3122730107068,False,normal
2026-09-01 00:28:30,/process,188.79621406776275,200,22218,167.06316398451725,False,normal
2026-09-01 00:29:00,/export,92.26266799498003,200,10682,327.7457861244203,False,normal
2026-09-01 00:29:30,/aggregate,230.00569018525513,200,23579,174.6287106481006,False,normal
2026-09-01 00:30:00,/aggregate,247.35796216522104,400,30001,167.0788469968354,False,normal
2026-09-01 00:30:30,/aggregate,189.79518291390383,200,21256,153.50094471555718,False,normal
2026-09-01 00:31:00,/aggregate,345.6547197830216,200,43160,225.7668064428023,False,normal
2026-09-01 00:31:30,/process,280.2168848649595,200,35117,337.211709421208,False,normal
2026-09-01 00:32:00,/aggregate,346.5325402304505,200,44789,225.90381759545076,False,normal
2026-09-01 00:32:30,/process,148.73928128459028,200,13887,280.17842095944604,False,normal
2026-09-01 00:33:00,/aggregate,252.5153745047125,200,23919,220.53972906512183,False,normal
2026-09-01 00:33:30,/process,119.01962921106742,200,8408,102.3522079018618,False,normal
2026-09-01 00:34:00,/export,387.1016456928203,200,46683,238.39230310395547,False,normal
2026-09-01 00:34:30,/process,179.0182215154889,200,21783,240.46963959076913,False,normal
2026-09-01 00:35:00,/aggregate,336.74255707657017,200,41141,240.9829560584442,False,normal
2026-09-01 00:35:30,/process,62.91026211760516,200,4506,160.59433507175896,False,normal
2026-09-01 00:36:00,/merge,310.8583917541957,200,35737,152.047458435247,False,normal
2026-09-01 00:36:30,/aggregate,202.66449052834508,200,22424,168.8942449318945,False,normal
2026-09-01 00:37:00,/process,360.678605909933,200,44427,88.3379986126793,False,normal
2026-09-01 00:37:30,/merge,221.1579783231924,200,24767,123.50842032856698,False,normal
2026-09-01 00:38:00,/export,86.87157286390662,200,6644,157.4890845166172,False,normal
2026-09-01 00:38:30,/export,300.9619339203439,200,39238,218.31211271191754,False,normal
2026-09-01 00:39:00,/aggregate,304.5323497758788,200,35246,326.11897469064866,False,normal
2026-09-01 00:39:30,/process,67.1584652138573,200,5541,269.23924195938093,False,normal
2026-09-01 00:40:00,/process,81.31575572772493,200,7130,219.32223790160077,False,normal
2026-09-01 00:40:30,/export,183.9792685029288,200,19904,273.50659361096234,False,normal
2026-09-01 00:41:00,/aggregate,285.4982932227289,200,35282,200.0016431076097,False,normal
2026-09-01 00:41:30,/process,326.38400173017857,200,39049,92.76962777177603,False,normal
2026-09-01 00:42:00,/merge,75.53514575722916,200,1609,265.3448223638581,False,normal
2026-09-01 00:42:30,/aggregate,171.69421206822835,400,16978,270.44681555672446,False,normal
2026-09-01 00:43:00,/aggregate,379.0137515337487,200,46706,256.9312874903367,False,normal
2026-09-01 00:43:30,/process,342.2539293564886,200,41827,310.1645422856775,False,normal
2026-09-01 00:44:00,/aggregate,81.59963475425198,200,2802,291.0579563916539,False,normal
2026-09-01 00:44:30,/process,273.056636118976,200,35947,303.81939552139113,False,normal
2026-09-01 00:45:00,/process,346.90714449579485,200,41755,92.4218670733958,False,normal
2026-09-01 00:45:30,/merge,50.38963664376688,200,2181,349.96109215058584,False,normal
2026-09-01 00:46:00,/aggregate,164.97932652613503,200,19194,238.8406440066132,False,normal
2026-09-01 00:46:30,/aggregate,184.4624753744373,200,19325,240.07034954019161,False,normal
2026-09-01 00:47:00,/process,316.90053158813913,200,39085,245.56575664149054,False,normal
2026-09-01 00:47:30,/merge,326.2510547024281,200,38341,152.91987256038237,False,normal
2026-09-01 00:48:00,/process,263.91525715927514,200,28327,161.80427740450773,False,normal
2026-09-01 00:48:30,/process,198.8481391727688,200,26374,316.75723004440226,False,normal
2026-09-01 00:49:00,/process,90.4919374958784,200,6066,242.087102368256,False,normal
2026-09-01 00:49:30,/process,314.22222077423794,200,33676,339.3239898901419,False,normal
2026-09-01 00:50:00,/export,230.67472786559262,200,24078,136.26516317243215,False,normal
2026-09-01 00:50:30,/aggregate,417.3248449223508,200,49502,238.07369891750668,False,normal
2026-09-01 00:51:00,/aggregate,77.10892237070233,200,3781,242.000289962115,False,normal
2026-09-01 00:51:30,/aggregate,1233.7326431661938,200,33795,89.99248221624781,True,latency_spike
2026-09-01 00:52:00,/merge,213.0298926951309,200,25827,249.03401758363012,False,normal
2026-09-01 00:52:30,/process,251.21993940398727,200,27347,183.77159625042822,False,normal
2026-09-01 00:53:00,/aggregate,411.2094976540562,200,49673,196.09467131502575,False,normal
2026-09-01 00:53:30,/aggregate,334.38972073630737,200,42321,130.10517868900035,False,normal
2026-09-01 00:54:00,/process,183.74721285858132,200,19808,240.52716232052467,False,normal
2026-09-01 00:54:30,/aggregate,204.0078670982498,200,21567,261.8118462192388,False,normal
2026-09-01 00:55:00,/merge,144.11048884575223,200,17321,320.84404540143544,False,normal
2026-09-01 00:55:30,/export,48.19888575744063,200,619,307.2876468657395,False,normal
2026-09-01 00:56:00,/process,178.35412317450854,200,14995,344.65217688476696,False,normal
2026-09-01 00:56:30,/export,177.77246766382297,200,13696,343.47023396959287,False,normal
2026-09-01 00:57:00,/process,233.5320056011782,200,26577,269.154154581022,False,normal
2026-09-01 00:57:30,/merge,285.02220223650295,200,29776,155.79886396291056,False,normal
2026-09-01 00:58:00,/merge,384.82265574281456,200,49083,225.8416819555652,False,normal
2026-09-01 00:58:30,/process,368.88234869286543,200,47417,102.54598417918518,False,normal
2026-09-01 00:59:00,/aggregate,263.0501167218076,200,35358,232.88538041543967,False,normal
2026-09-01 00:59:30,/merge,276.2441142656608,200,30396,162.51139862494023,False,normal
2026-09-01 01:00:00,/process,147.37332408267034,200,14838,224.84544849232415,False,normal
2026-09-01 01:00:30,/aggregate,184.0078912055267,200,14256,282.52113954791093,False,normal
2026-09-01 01:01:00,/merge,228.16288913853,200,24867,96.3707751422562,False,normal
2026-09-01 01:01:30,/aggregate,399.57677545824595,500,49661,316.5351610657034,True,error_spike
2026-09-01 01:02:00,/merge,285.00662235031075,200,37568,90.23308758699346,False,normal
2026-09-01 01:02:30,/process,212.09596535878117,200,20067,212.27801504092375,False,normal
2026-09-01 01:03:00,/process,245.50798355751593,200,28832,138.97780791876954,False,normal
2026-09-01 01:03:30,/process,812.6663878015767,200,11467,90.53684384083944,True,latency_spike
2026-09-01 01:04:00,/process,49.50664549489568,200,4782,209.52281055279525,False,normal
2026-09-01 01:04:30,/process,256.8557266447084,200,27690,150.73538462119004,False,normal
2026-09-01 01:05:00,/export,171.3719290266709,200,15344,101.60166552637523,False,normal
2026-09-01 01:05:30,/aggregate,160.92240640185227,200,17268,302.5950470826707,False,normal
2026-09-01 01:06:00,/process,345.88200970079384,200,42193,146.29551718987028,False,normal
2026-09-01 01:06:30,/process,94.69654611270971,200,5667,333.31806596148886,False,normal
2026-09-01 01:07:00,/export,278.7379192929331,200,30736,244.33815521103907,False,normal
2026-09-01 01:07:30,/aggregate,300.38038354149387,200,35667,175.89928942354976,False,normal
2026-09-01 01:08:00,/export,231.11484536543492,200,22304,96.35582147185197,False,normal
2026-09-01 01:08:30,/aggregate,287.7319915396338,200,34603,310.9746987897579,False,normal
2026-09-01 01:09:00,/aggregate,74.57097730265389,200,4931,109.37454018064169,False,normal
2026-09-01 01:09:30,/merge,382.43355769813735,200,48612,289.5901098887707,False,normal
2026-09-01 01:10:00,/merge,332.2681260241017,200,45883,222.71258521342517,False,normal
2026-09-01 01:10:30,/aggregate,85.54715096686125,200,6928,203.0060343232601,False,normal
2026-09-01 01:11:00,/aggregate,268.4232884268923,200,29166,101.75807150401944,False,normal
2026-09-01 01:11:30,/merge,371.87742920756654,400,45535,193.47308201779808,False,normal
2026-09-01 01:12:00,/aggregate,78.53882174023326,200,5951,84.4481556520014,False,normal
2026-09-01 01:12:30,/export,333.5658792726314,200,39879,286.05278168349696,False,normal
2026-09-01 01:13:00,/process,180.07923132946397,200,23027,270.93643593710294,False,normal
2026-09-01 01:13:30,/aggregate,134.00293033307622,200,12729,116.71348726619254,False,normal
2026-09-01 01:14:00,/aggregate,401.73589630240616,200,49241,217.58416506078373,False,normal
2026-09-01 01:14:30,/export,227.75160009425483,200,24015,128.07215638357218,False,normal
2026-09-01 01:15:00,/process,112.50805128986677,200,10707,272.25242757889987,False,normal
2026-09-01 01:15:30,/merge,283.68127171623644,400,31544,131.03367081565122,False,normal
2026-09-01 01:16:00,/aggregate,283.06918789910793,200,29406,126.6495104235461,False,normal
2026-09-01 01:16:30,/merge,153.4867205757285,200,15815,156.77599485511917,False,normal
2026-09-01 01:17:00,/aggregate,315.6256462407608,200,36475,342.32574437339787,False,normal
2026-09-01 01:17:30,/export,264.89147398754403,200,5466,300.98593541606704,True,latency_spike
2026-09-01 01:18:00,/process,232.00500786398217,200,30321,188.87490895527617,False,normal
2026-09-01 01:18:30,/process,351.4719521102691,200,41870,294.5026233854384,False,normal
2026-09-01 01:19:00,/process,2316.212165595668,200,38014,177.59120047990808,True,latency_spike
2026-09-01 01:19:30,/process,110.42280712488653,200,8318,130.65288309753183,False,normal
2026-09-01 01:20:00,/process,319.18870203148816,200,39819,322.2122419213415,False,normal
2026-09-01 01:20:30,/export,216.9000495728117,200,24586,89.89423099629748,False,normal
2026-09-01 01:21:00,/merge,96.3156081986127,200,4992,294.1465729512888,False,normal
2026-09-01 01:21:30,/process,228.57251178434893,400,21941,339.1431141973258,False,normal
2026-09-01 01:22:00,/aggregate,143.984668760151,200,14003,102.72952359731707,False,normal
2026-09-01 01:22:30,/aggregate,340.57852934737457,200,45161,312.00100999010397,False,normal
2026-09-01 01:23:00,/aggregate,197.0812851945571,200,18392,290.62496473512084,False,normal
2026-09-01 01:23:30,/aggregate,254.19126525244295,200,27990,91.44016383808176,False,normal
2026-09-01 01:24:00,/process,282.73976587409703,200,31898,199.92466338366773,False,normal
2026-09-01 01:24:30,/export,200.89545965557852,200,21277,150.23608486263757,False,normal
2026-09-01 01:25:00,/aggregate,129.4013335234947,200,6474,183.74630798365553,False,normal
2026-09-01 01:25:30,/aggregate,392.2553429882125,200,48842,183.0871950023928,False,normal
2026-09-01 01:26:00,/aggregate,147.58035469673516,200,12948,186.52229758614527,False,normal
2026-09-01 01:26:30,/process,145.2580049127377,200,17691,82.63550164496608,False,normal
2026-09-01 01:27:00,/process,161.92762461455453,200,17341,153.24006001349147,False,normal
2026-09-01 01:27:30,/aggregate,2056.8708934878505,200,36351,158.3092010758636,True,latency_spike
2026-09-01 01:28:00,/merge,76.26455881938062,200,3926,255.33075287787736,False,normal
2026-09-01 01:28:30,/merge,136.87357742321458,200,11774,267.9035338422223,False,normal
2026-09-01 01:29:00,/merge,356.14832692612873,200,45452,282.6195581048886,False,normal
2026-09-01 01:29:30,/process,340.4028365552034,200,37885,251.98926630411142,False,normal
2026-09-01 01:30:00,/export,234.0459220453951,200,28686,321.4120221466943,False,normal
2026-09-01 01:30:30,/merge,305.5799931246797,200,37587,230.1693792949404,False,normal
2026-09-01 01:31:00,/merge,172.68999743272553,200,17126,164.61160264798775,False,normal
2026-09-01 01:31:30,/aggregate,320.42613356626896,200,41424,90.84839719946035,False,normal
2026-09-01 01:32:00,/export,339.1745134478366,200,40197,276.24843501256476,False,normal
2026-09-01 01:32:30,/process,228.73832373025436,200,24287,231.83079041003563,False,normal
2026-09-01 01:33:00,/process,294.30860185385785,200,35638,124.10924605622131,False,normal
2026-09-01 01:33:30,/process,156.1782663589543,200,11185,218.0921345566819,False,normal
2026-09-01 01:34:00,/process,146.61095172955663,200,13736,334.9674442006521,False,normal
2026-09-01 01:34:30,/process,274.9027895262509,200,31636,243.48621562915457,False,normal
2026-09-01 01:35:00,/process,50.04516991061844,200,2175,163.45261168895348,False,normal
2026-09-01 01:35:30,/aggregate,342.7409235730707,200,45520,297.81065249509174,False,normal
2026-09-01 01:36:00,/process,306.9922595413227,200,38176,186.58842053445457,False,normal
2026-09-01 01:36:30,/aggregate,153.32607519305125,200,15560,84.04633874710336,False,normal
2026-09-01 01:37:00,/process,135.94455786487973,200,13364,101.52929108357823,False,normal
2026-09-01 01:37:30,/aggregate,68.5121935890583,200,1106,339.612706042472,False,normal
2026-09-01 01:38:00,/process,137.264806741013,200,17693,105.29025787459966,False,normal
2026-09-01 01:38:30,/process,97.52934243228822,200,9331,291.5136686769906,False,normal
2026-09-01 01:39:00,/export,332.36891135717684,200,44364,88.287526428503,False,normal
2026-09-01 01:39:30,/aggregate,395.93443274561446,200,46652,194.4211612337399,False,normal
2026-09-01 01:40:00,/merge,114.76974193989028,200,10574,156.1488630850497,False,normal
2026-09-01 01:40:30,/aggregate,44.31968405344442,200,402,172.8930423004598,False,normal
2026-09-01 01:41:00,/aggregate,112.40588100189743,200,11387,104.53952890811429,False,normal
2026-09-01 01:41:30,/process,82.24411434695439,200,2787,188.53977195519866,False,normal
2026-09-01 01:42:00,/aggregate,291.5549106938975,200,35500,285.0061103544764,False,normal
2026-09-01 01:42:30,/process,87.61038012743062,200,5006,221.6913070399516,False,normal
2026-09-01 01:43:00,/merge,93.05987633664134,200,10623,115.68280879327344,False,normal
2026-09-01 01:43:30,/export,379.0342221381987,200,44602,297.48695462651335,False,normal
2026-09-01 01:44:00,/merge,314.56644638965145,200,37057,315.2540676981163,False,normal
2026-09-01 01:44:30,/process,192.11631615804524,200,19227,203.17754871233683,False,normal
2026-09-01 01:45:00,/process,116.81991870208364,200,7002,176.97967582923144,False,normal
2026-09-01 01:45:30,/process,288.6229374576586,200,34611,84.80255977598266,False,normal
2026-09-01 01:46:00,/process,153.32776294128178,200,15227,99.04979357749522,False,normal
2026-09-01 01:46:30,/aggregate,307.29052966008277,200,35323,181.33640877335836,False,normal
2026-09-01 01:47:00,/merge,343.5616946594352,200,41129,110.59735612344173,False,normal
2026-09-01 01:47:30,/process,197.86805059707396,200,21756,341.75094248752157,False,normal
2026-09-01 01:48:00,/merge,98.8813258081034,200,6995,253.91680875531904,False,normal
2026-09-01 01:48:30,/merge,298.1979175843304,200,36645,164.46737400938684,False,normal
2026-09-01 01:49:00,/process,361.61770009121517,200,43089,237.94233616858784,False,normal
2026-09-01 01:49:30,/merge,225.08938148430764,200,23115,125.41618422586251,False,normal
2026-09-01 01:50:00,/merge,193.36469860251992,200,20575,327.67601884410374,False,normal
2026-09-01 01:50:30,/process,267.4509425848772,200,27138,215.21157473120365,False,normal
2026-09-01 01:51:00,/aggregate,334.5082087376506,400,44050,268.89476323566043,False,normal
2026-09-01 01:51:30,/aggregate,153.63147838585073,200,15410,129.15040113328178,False,normal
2026-09-01 01:52:00,/aggregate,187.05432459355998,200,16011,207.91479483406584,False,normal
2026-09-01 01:52:30,/process,44.308177472052485,200,196,272.73544864485825,False,normal
2026-09-01 01:53:00,/aggregate,36.27977917311548,200,1579,184.6115082209667,False,normal
2026-09-01 01:53:30,/aggregate,278.1842588125953,200,29706,97.56618612216387,False,normal
2026-09-01 01:54:00,/merge,395.60112385379017,200,48304,206.67466888187647,False,normal
2026-09-01 01:54:30,/merge,124.80522632142669,200,13354,302.48163882116495,False,normal
2026-09-01 01:55:00,/process,155.5985651947853,200,13525,204.76653738389598,False,normal
2026-09-01 01:55:30,/merge,130.714700679552,200,13830,344.5275876879691,False,normal
2026-09-01 01:56:00,/merge,137.86294545247938,200,15533,231.09231480270356,False,normal
2026-09-01 01:56:30,/merge,354.6569940468357,200,43952,318.33201154540166,False,normal
2026-09-01 01:57:00,/process,367.76299079516804,200,46530,88.78994071559492,False,normal
2026-09-01 01:57:30,/process,159.8708372233206,200,18156,250.46627021691197,False,normal
2026-09-01 01:58:00,/aggregate,207.50934064081662,200,23389,217.79514446146473,False,normal
2026-09-01 01:58:30,/process,70.63080561455598,200,5207,176.6192868095739,False,normal
2026-09-01 01:59:00,/aggregate,123.39177152387983,200,10458,323.5680676480493,False,normal
2026-09-01 01:59:30,/export,269.8232358377402,200,31555,104.83816149657788,False,normal
2026-09-01 02:00:00,/process,74.35498065902578,200,1981,211.2338697598527,False,normal
2026-09-01 02:00:30,/process,231.22530777445013,200,26968,162.75069283089624,False,normal
2026-09-01 02:01:00,/aggregate,214.56056503153422,200,26471,339.20679996906097,False,normal
2026-09-01 02:01:30,/aggregate,50.2527970739623,200,2972,291.0495236107955,False,normal
2026-09-01 02:02:00,/process,214.43119911138447,200,24120,134.19404234519598,False,normal
2026-09-01 02:02:30,/process,194.9566917256768,200,17510,114.48844022839474,False,normal
2026-09-01 02:03:00,/process,108.52928896052843,200,6640,86.41670192785662,False,normal
2026-09-01 02:03:30,/aggregate,253.84037678511777,200,30599,128.48444416451434,False,normal
2026-09-01 02:04:00,/merge,365.49250398675264,200,43148,330.82787536288504,False,normal
2026-09-01 02:04:30,/process,130.24828918577273,200,14057,315.66728770978733,False,normal
2026-09-01 02:05:00,/process,261.1946903513432,200,28095,295.9816448939095,False,normal
2026-09-01 02:05:30,/aggregate,388.69622840247007,200,49309,188.08507762178732,False,normal
2026-09-01 02:06:00,/process,360.8021360415026,200,42850,210.0946826404261,False,normal
2026-09-01 02:06:30,/process,338.43177046386296,200,39968,235.30916741308872,False,normal
2026-09-01 02:07:00,/process,175.63188027152944,200,18644,298.75779755970143,False,normal
2026-09-01 02:07:30,/aggregate,231.0428806529279,200,25260,81.1493521751086,False,normal
2026-09-01 02:08:00,/process,52.83265065213011,200,2798,128.94751984112267,False,normal
2026-09-01 02:08:30,/merge,368.6732120310173,200,45784,236.97742260232909,False,normal
2026-09-01 02:09:00,/aggregate,72.30062795690647,200,959,118.16200729044428,False,normal
2026-09-01 02:09:30,/process,123.75509465977836,200,1833,333.2965111160426,False,normal
2026-09-01 02:10:00,/process,75.96566235663508,200,2299,92.04870356011118,False,normal
2026-09-01 02:10:30,/merge,129.7502827785853,200,11304,342.8824857585956,False,normal
2026-09-01 02:11:00,/process,347.6968570142195,200,44804,137.92900629570465,False,normal
2026-09-01 02:11:30,/process,385.482763987905,200,45750,132.33896895324898,False,normal
2026-09-01 02:12:00,/process,214.79310250811002,200,27201,194.60075451410202,False,normal
2026-09-01 02:12:30,/process,215.6232002031273,200,25485,252.21987914332584,False,normal
2026-09-01 02:13:00,/export,171.48542381999363,200,16685,344.48481736782173,False,normal
2026-09-01 02:13:30,/process,91.32215114781073,200,8593,208.5995139852641,False,normal
2026-09-01 02:14:00,/process,299.53371271476254,200,32437,322.4875113642629,False,normal
2026-09-01 02:14:30,/merge,265.57611334236066,504,28547,320.4315699027976,True,error_spike
2026-09-01 02:15:00,/aggregate,215.46281575235457,200,24958,345.8067721053015,False,normal
2026-09-01 02:15:30,/process,296.71775033840385,200,36538,177.17027329691447,False,normal
2026-09-01 02:16:00,/aggregate,123.81122195669812,200,13478,208.1233487164584,False,normal
2026-09-01 02:16:30,/merge,239.70476064251736,200,30210,85.83685314763862,False,normal
2026-09-01 02:17:00,/process,344.30294138191437,200,41191,183.62833498836835,False,normal
2026-09-01 02:17:30,/merge,75.41231597788271,200,2389,175.4769047396787,False,normal
2026-09-01 02:18:00,/process,200.67727283904347,200,20869,113.5890944007769,False,normal
2026-09-01 02:18:30,/merge,66.83041765622463,200,1932,304.7617733054717,False,normal
2026-09-01 02:19:00,/merge,90.71027634788942,200,7119,570.2660369076325,True,memory_spike
2026-09-01 02:19:30,/merge,197.6202070918214,200,20413,115.30509452980746,False,normal
2026-09-01 02:20:00,/aggregate,183.3492359639784,200,22313,111.17583740752754,False,normal
2026-09-01 02:20:30,/process,55.8088488371049,200,911,86.60240793059337,False,normal
2026-09-01 02:21:00,/process,100.56704856069392,200,4154,283.9063513536462,False,normal
2026-09-01 02:21:30,/aggregate,99.28270308740365,200,4295,791.3269023024898,True,memory_spike
2026-09-01 02:22:00,/merge,363.61444931012176,200,45897,221.3767351621264,False,normal
2026-09-01 02:22:30,/process,269.4207345045286,200,32163,191.712185830794,False,normal
2026-09-01 02:23:00,/process,183.6714408708608,200,16232,340.22852505966506,False,normal
2026-09-01 02:23:30,/aggregate,230.061323394577,200,21978,182.0640063985496,False,normal
2026-09-01 02:24:00,/merge,993.5620582106045,200,23249,208.21422573432724,True,latency_spike
2026-09-01 02:24:30,/merge,73.45957699972823,200,4367,266.3021324239455,False,normal
2026-09-01 02:25:00,/process,141.97424837393723,200,12734,330.8514482995924,False,normal
2026-09-01 02:25:30,/process,374.4996481194839,200,43835,311.80427131690806,False,normal
2026-09-01 02:26:00,/merge,100.51578401282818,200,9117,318.02160665483734,False,normal
2026-09-01 02:26:30,/aggregate,188.39188314596188,200,18487,129.48106383537066,False,normal
2026-09-01 02:27:00,/merge,207.5764983920253,200,23255,335.03376755567194,False,normal
2026-09-01 02:27:30,/export,394.2713141159836,200,44170,302.4413107749125,False,normal
2026-09-01 02:28:00,/export,387.47786863886364,200,47384,169.0412928408578,False,normal
2026-09-01 02:28:30,/merge,260.79513495322874,200,30501,297.45870111423,False,normal
2026-09-01 02:29:00,/merge,291.19743465028785,200,35275,337.2690037633061,False,normal
2026-09-01 02:29:30,/process,282.8167852299417,200,31086,280.6967790840504,False,normal
2026-09-01 02:30:00,/aggregate,240.71303300112206,200,25881,279.44376691376726,False,normal
2026-09-01 02:30:30,/process,181.82650296418348,200,21259,306.40241227812703,False,normal
2026-09-01 02:31:00,/merge,177.55998150051428,200,17853,317.26713364052625,False,normal
2026-09-01 02:31:30,/merge,264.582614479515,200,33632,290.9186537640329,False,normal
2026-09-01 02:32:00,/merge,120.50278566469208,200,11795,100.9855502664682,False,normal
2026-09-01 02:32:30,/aggregate,115.58938397431172,200,12252,136.33453925910078,False,normal
2026-09-01 02:33:00,/process,249.29563253621887,200,31420,112.61642219959074,False,normal
2026-09-01 02:33:30,/aggregate,129.5949794348905,200,12945,205.81212069623058,False,normal
2026-09-01 02:34:00,/process,196.43119050682537,200,23124,97.72303075764276,False,normal
2026-09-01 02:34:30,/merge,363.5735592455939,200,43757,228.66506238649183,False,normal
2026-09-01 02:35:00,/aggregate,113.1458868569887,200,7403,329.55912092008225,False,normal
2026-09-01 02:35:30,/process,117.58876421582096,200,10266,345.01401180695507,False,normal
2026-09-01 02:36:00,/aggregate,372.44542982213545,200,48568,90.12087254276979,False,normal
2026-09-01 02:36:30,/merge,196.97982640820646,200,19363,264.29045949960823,False,normal
2026-09-01 02:37:00,/process,186.7212598642468,200,23983,118.61340804928153,False,normal
2026-09-01 02:37:30,/merge,281.0641768805612,200,37261,312.7735962829653,False,normal
2026-09-01 02:38:00,/export,405.4741013500763,200,49313,88.41518272142739,False,normal
2026-09-01 02:38:30,/process,175.17869433384118,200,16567,107.86689394406689,False,normal
2026-09-01 02:39:00,/process,238.3193397938167,200,24902,167.37620899267728,False,normal
2026-09-01 02:39:30,/merge,1229.5264576647119,200,18362,81.42577807332441,True,latency_spike
2026-09-01 02:40:00,/export,335.72442492959,200,43628,258.77993189524295,False,normal
2026-09-01 02:40:30,/process,359.9248137863336,200,45467,135.5298592997829,False,normal
2026-09-01 02:41:00,/merge,80.87666564561532,200,3287,274.3769543249436,False,normal
2026-09-01 02:41:30,/merge,110.59559156866086,200,10402,336.3687568752817,False,normal
2026-09-01 02:42:00,/export,259.06927166581704,400,31474,207.00489706721146,False,normal
2026-09-01 02:42:30,/process,113.25819428899281,200,12134,206.93794946468694,False,normal
2026-09-01 02:43:00,/process,84.26305516486606,200,7495,349.04065027313084,False,normal
2026-09-01 02:43:30,/export,372.45786141149506,200,44347,164.70388548631814,False,normal
2026-09-01 02:44:00,/process,378.76237405737487,200,46084,319.1819531817531,False,normal
2026-09-01 02:44:30,/process,128.67008115015045,200,13834,272.5491223947282,False,normal
2026-09-01 02:45:00,/aggregate,248.74031849818235,200,30812,82.44672684262949,False,normal
2026-09-01 02:45:30,/aggregate,157.03957628659168,200,16597,160.35992593157417,False,normal
2026-09-01 02:46:00,/merge,860.042714774812,200,7827,274.6679360921096,True,latency_spike
2026-09-01 02:46:30,/process,340.50407213963797,200,44111,92.18227159149619,False,normal
2026-09-01 02:47:00,/export,49.371861648280316,200,369,311.51925215706837,False,normal
2026-09-01 02:47:30,/process,129.8859651141267,200,16124,326.314700335006,False,normal
2026-09-01 02:48:00,/merge,49.08798477892428,200,2671,285.05613211925515,False,normal
2026-09-01 02:48:30,/process,404.6104617957054,200,49849,298.99451008712947,False,normal
2026-09-01 02:49:00,/aggregate,248.53050689101107,200,26525,241.30501339700166,False,normal
2026-09-01 02:49:30,/process,319.47748560814944,200,41081,298.286542961564,False,normal
2026-09-01 02:50:00,/process,182.19983742157387,200,20646,206.2363135261699,False,normal
2026-09-01 02:50:30,/process,1460.0753267639452,200,42348,190.2505493810626,True,latency_spike
2026-09-01 02:51:00,/merge,244.82218362453517,200,28767,269.79946986111344,False,normal
2026-09-01 02:51:30,/aggregate,120.70315412704292,200,11361,205.63339722554514,False,normal
2026-09-01 02:52:00,/process,62.35805725011027,200,744,163.87077524998637,False,normal
2026-09-01 02:52:30,/export,128.80265591626062,200,10931,151.47679335686212,False,normal
2026-09-01 02:53:00,/merge,412.6812600346323,200,49514,198.04041239042914,False,normal
2026-09-01 02:53:30,/export,324.86929739417116,200,37653,183.14609799536666,False,normal
2026-09-01 02:54:00,/process,350.69280725779885,200,44290,283.6157926304363,False,normal
2026-09-01 02:54:30,/process,337.0190190997627,200,41353,291.705668492185,False,normal
2026-09-01 02:55:00,/process,266.3117409038137,200,31125,295.53909962055883,False,normal
2026-09-01 02:55:30,/process,108.04333028419711,200,11304,308.09882518483016,False,normal
2026-09-01 02:56:00,/process,175.29686453956208,200,20088,177.8084075679381,False,normal
2026-09-01 02:56:30,/aggregate,136.62825963670272,200,10378,179.74630561893497,False,normal
2026-09-01 02:57:00,/process,338.7260916635973,200,44755,306.28034248324525,False,normal
2026-09-01 02:57:30,/process,150.1005717786623,200,12253,128.63230899231206,False,normal
2026-09-01 02:58:00,/merge,333.96315434614263,200,40045,269.52467917513434,False,normal
2026-09-01 02:58:30,/aggregate,96.02172661225359,200,6966,221.68244915807477,False,normal
2026-09-01 02:59:00,/process,195.7231362259979,400,19752,259.9493384046502,False,normal
2026-09-01 02:59:30,/aggregate,204.34652998757278,200,21117,268.1676320284579,False,normal
2026-09-01 03:00:00,/process,323.60026561033953,200,36577,260.6014114644746,False,normal
2026-09-01 03:00:30,/aggregate,219.69465131910803,200,25195,143.4594832890355,False,normal
2026-09-01 03:01:00,/process,337.2320910219324,200,41616,86.34318670781317,False,normal
2026-09-01 03:01:30,/aggregate,265.77360784522523,200,31445,337.2018271126159,False,normal
2026-09-01 03:02:00,/aggregate,79.11731730666912,200,202,322.34554927290674,False,normal
2026-09-01 03:02:30,/aggregate,83.63545518274505,200,2862,216.27993424998937,False,normal
2026-09-01 03:03:00,/process,183.47631284751793,200,21146,258.53682493716906,False,normal
2026-09-01 03:03:30,/merge,112.17975070252044,200,9690,104.5933153828188,False,normal
2026-09-01 03:04:00,/merge,119.5428515304887,200,11542,203.76525031190153,False,normal
2026-09-01 03:04:30,/process,91.16716925746493,200,5941,238.7475231142963,False,normal
2026-09-01 03:05:00,/process,392.862098503597,200,48609,268.9600827300724,False,normal
2026-09-01 03:05:30,/process,178.90840379812045,200,13573,139.14667355750746,False,normal
2026-09-01 03:06:00,/export,260.84650574211156,200,34134,105.00409327232842,False,normal
2026-09-01 03:06:30,/export,130.45621377391453,200,9370,339.5183745392192,False,normal
2026-09-01 03:07:00,/process,102.21603428429594,200,6608,309.10663959628107,False,normal
2026-09-01 03:07:30,/export,366.56567402837305,200,46820,128.2171900804691,False,normal
2026-09-01 03:08:00,/process,217.0340450480839,504,24270,302.1043051988577,True,error_spike
2026-09-01 03:08:30,/aggregate,173.04233225749817,200,18729,299.3288444920203,False,normal
2026-09-01 03:09:00,/aggregate,119.7374752135289,200,9940,129.01428952149192,False,normal
2026-09-01 03:09:30,/export,113.76799254698702,200,7030,297.2408003448134,False,normal
2026-09-01 03:10:00,/process,46.29499731303991,200,2819,183.1770659837405,False,normal
2026-09-01 03:10:30,/process,302.65970146613444,200,33355,170.23314563172875,False,normal
2026-09-01 03:11:00,/aggregate,79.48833679822977,200,5099,123.33862551492763,False,normal
2026-09-01 03:11:30,/process,412.5660051482036,200,48648,239.68762243307364,False,normal
2026-09-01 03:12:00,/process,157.6003723203269,200,14568,245.5168346811269,False,normal
2026-09-01 03:12:30,/aggregate,346.1729093946151,200,39741,218.0811962639896,False,normal
2026-09-01 03:13:00,/merge,167.40828566246705,200,15637,106.95931836567328,False,normal
2026-09-01 03:13:30,/merge,292.8836916811975,200,32445,294.85410702441595,False,normal
2026-09-01 03:14:00,/merge,271.0437706274192,200,31536,165.53266209811872,False,normal
2026-09-01 03:14:30,/merge,169.72930734836066,200,18970,151.4160229087954,False,normal
2026-09-01 03:15:00,/merge,132.0161696318645,200,10350,253.10340682201291,False,normal
2026-09-01 03:15:30,/merge,201.71812633566645,200,20224,129.88898078414923,False,normal
2026-09-01 03:16:00,/aggregate,197.30173959105292,200,16610,325.79539251558305,False,normal
2026-09-01 03:16:30,/merge,125.55584282188437,200,15176,254.99814992330892,False,normal
2026-09-01 03:17:00,/process,127.24454649585206,200,11535,1278.7533385211152,True,memory_spike
2026-09-01 03:17:30,/process,347.74995454229946,200,40330,171.9751371221868,False,normal
2026-09-01 03:18:00,/merge,155.69647749317053,200,17867,195.6681819161209,False,normal
2026-09-01 03:18:30,/process,327.35936363439373,200,40186,147.87847759083186,False,normal
2026-09-01 03:19:00,/export,304.0957666191903,200,31824,147.78788118211327,False,normal
2026-09-01 03:19:30,/aggregate,242.43110203342047,200,24520,192.05823804673116,False,normal
2026-09-01 03:20:00,/process,288.93793797560016,400,36096,292.52115819172974,False,normal
2026-09-01 03:20:30,/export,372.7139210281508,200,43110,215.8309005392148,False,normal
2026-09-01 03:21:00,/process,119.28128958663284,200,7425,304.98673770000687,False,normal
2026-09-01 03:21:30,/aggregate,289.7018841949865,200,32644,110.16859395296362,False,normal
2026-09-01 03:22:00,/process,148.79603602155697,200,13365,158.08283511877278,False,normal
2026-09-01 03:22:30,/export,293.26127952672164,200,34309,89.8983602743202,False,normal
2026-09-01 03:23:00,/aggregate,211.37544976218402,200,24990,326.5902162327966,False,normal
2026-09-01 03:23:30,/merge,136.3376258901489,200,13511,97.01551722989053,False,normal
2026-09-01 03:24:00,/process,189.05777811601578,200,18359,226.34443757304768,False,normal
2026-09-01 03:24:30,/merge,136.72796495269418,200,12154,261.8031595627971,False,normal
2026-09-01 03:25:00,/merge,317.27347662039267,502,34277,135.11496356736168,True,error_spike
2026-09-01 03:25:30,/aggregate,124.76712916344437,200,11463,344.602144870876,False,normal
2026-09-01 03:26:00,/export,320.34886090301416,200,43840,344.78691772861487,False,normal
2026-09-01 03:26:30,/aggregate,363.96449114748356,200,45634,144.3303776179464,False,normal
2026-09-01 03:27:00,/aggregate,127.0682825251601,200,10478,117.6794548875516,False,normal
2026-09-01 03:27:30,/aggregate,335.52768773488685,200,40032,255.4319079268732,False,normal
2026-09-01 03:28:00,/merge,221.36325710389335,200,24398,218.9519784837871,False,normal
2026-09-01 03:28:30,/process,352.0155372950153,200,44973,243.15389911417202,False,normal
2026-09-01 03:29:00,/aggregate,265.30257125642186,200,27611,246.87777790171137,False,normal
2026-09-01 03:29:30,/process,327.6706239311632,200,41154,338.1545734571979,False,normal
2026-09-01 03:30:00,/aggregate,376.8307625087622,200,45225,287.4820767660178,False,normal
2026-09-01 03:30:30,/merge,327.11842751510164,200,40265,164.40281027338577,False,normal
2026-09-01 03:31:00,/process,172.49833038315785,200,20129,281.79960482206945,False,normal
2026-09-01 03:31:30,/merge,223.83263142424533,200,21859,201.2860411382896,False,normal
2026-09-01 03:32:00,/process,119.16635077668786,200,15324,343.37318213426397,False,normal
2026-09-01 03:32:30,/export,304.93486597877995,200,38304,208.8958986001979,False,normal
2026-09-01 03:33:00,/aggregate,82.8036134931623,200,3815,82.95485317396228,False,normal
2026-09-01 03:33:30,/aggregate,103.15619912795862,200,8415,327.58014146344726,False,normal
2026-09-01 03:34:00,/merge,119.61876654727789,200,8391,154.73769797962103,False,normal
2026-09-01 03:34:30,/aggregate,277.88028490239594,200,32823,301.8194590060484,False,normal
2026-09-01 03:35:00,/merge,201.4627306203357,200,22663,245.11698104357302,False,normal
2026-09-01 03:35:30,/process,97.70730754621974,200,2233,280.95604168890327,False,normal
2026-09-01 03:36:00,/aggregate,187.72629996941163,200,20199,279.4748532584506,False,normal
2026-09-01 03:36:30,/aggregate,385.31296692464105,200,48292,324.4876268402009,False,normal
2026-09-01 03:37:00,/export,150.92670775063172,200,16791,304.9822994081685,False,normal
2026-09-01 03:37:30,/process,346.31267735558856,200,43984,254.23870913042634,False,normal
2026-09-01 03:38:00,/aggregate,186.76123171032,200,18194,168.19662400276852,False,normal
2026-09-01 03:38:30,/aggregate,116.44087680742946,200,8331,213.33025988629402,False,normal
2026-09-01 03:39:00,/aggregate,67.30607389001347,200,2516,155.2749145921492,False,normal
2026-09-01 03:39:30,/process,308.3679790434333,200,38458,170.91499262788506,False,normal
2026-09-01 03:40:00,/aggregate,228.73434933894163,200,24108,204.35178847738752,False,normal
2026-09-01 03:40:30,/process,312.51743594314394,200,41200,194.2521969956938,False,normal
2026-09-01 03:41:00,/process,278.5670457312156,200,33429,158.15620339940182,False,normal
2026-09-01 03:41:30,/merge,61.28199073903486,200,2196,162.2257374398825,False,normal
2026-09-01 03:42:00,/process,242.9198106453317,200,29416,599.7029629139381,True,memory_spike
2026-09-01 03:42:30,/aggregate,250.44146910282592,200,28348,131.70257293156175,False,normal
2026-09-01 03:43:00,/merge,91.07250555582937,200,7339,237.36953523839077,False,normal
2026-09-01 03:43:30,/merge,185.11384018147479,200,21063,104.98325160060739,False,normal
2026-09-01 03:44:00,/aggregate,210.99968434841725,200,19174,147.04276864707984,False,normal
2026-09-01 03:44:30,/merge,2183.152775156644,200,30975,126.0709277467617,True,latency_spike
2026-09-01 03:45:00,/aggregate,300.7867839731083,200,33290,270.8060240466476,False,normal
2026-09-01 03:45:30,/aggregate,360.84080880987705,200,44329,155.59977600005175,False,normal
2026-09-01 03:46:00,/merge,85.34113543047502,200,3013,403.57685129489624,True,memory_spike
2026-09-01 03:46:30,/aggregate,314.7294047380049,200,36175,301.7462796759142,False,normal
2026-09-01 03:47:00,/aggregate,149.36020790880062,200,11623,198.20191420249145,False,normal
2026-09-01 03:47:30,/aggregate,159.79049438035662,200,10636,297.16309472652324,False,normal
2026-09-01 03:48:00,/aggregate,169.22898922295911,200,17545,166.60901420464472,False,normal
2026-09-01 03:48:30,/process,248.17080918320048,200,27780,173.5588426782799,False,normal
2026-09-01 03:49:00,/merge,56.30487440155911,200,1035,230.93640983669658,False,normal
2026-09-01 03:49:30,/process,194.01602976286628,200,28131,98.80953937550171,False,normal
2026-09-01 03:50:00,/aggregate,315.7061837619706,200,40973,343.76598031041084,False,normal
2026-09-01 03:50:30,/merge,54.81465879961569,200,668,116.01069196874775,False,normal
2026-09-01 03:51:00,/aggregate,365.4160374363982,200,43721,326.55356914429774,False,normal
2026-09-01 03:51:30,/process,87.98722338563522,200,6679,968.5958221095336,True,memory_spike
2026-09-01 03:52:00,/merge,358.5282046653004,200,41659,286.3299013836633,False,normal
2026-09-01 03:52:30,/process,195.41553650893405,200,18038,136.69325891285914,False,normal
2026-09-01 03:53:00,/merge,171.14021058106383,200,18206,320.851824381929,False,normal
2026-09-01 03:53:30,/merge,134.14153869134242,200,8982,224.68396158186312,False,normal
2026-09-01 03:54:00,/aggregate,272.4276744943999,200,28034,191.60229001996743,False,normal
2026-09-01 03:54:30,/merge,140.45789399597564,200,11939,132.0373716751269,False,normal
2026-09-01 03:55:00,/process,105.00773480187061,200,9972,126.26394820861881,False,normal
2026-09-01 03:55:30,/process,308.8204586596328,200,33837,312.92722547818596,False,normal
2026-09-01 03:56:00,/merge,302.4178198918046,200,36419,341.7968655387891,False,normal
2026-09-01 03:56:30,/aggregate,380.76046945471506,200,48068,192.93332283414387,False,normal
2026-09-01 03:57:00,/aggregate,242.4799582884518,200,27254,275.3502940656368,False,normal
2026-09-01 03:57:30,/aggregate,202.59597019663005,200,22957,268.61386874516177,False,normal
2026-09-01 03:58:00,/aggregate,311.1404577717349,200,35012,213.33541697749027,False,normal
2026-09-01 03:58:30,/aggregate,288.0018603648532,200,32338,209.68624286822592,False,normal
2026-09-01 03:59:00,/aggregate,389.5967372190595,200,45904,229.3515623336671,False,normal
2026-09-01 03:59:30,/process,325.3633794741132,200,38094,173.59038598518745,False,normal
2026-09-01 04:00:00,/process,349.9930139347752,200,44559,281.31241164273956,False,normal
2026-09-01 04:00:30,/process,283.3655083226291,200,33680,192.84832455366242,False,normal
2026-09-01 04:01:00,/aggregate,387.98669499731983,200,46408,216.2399864273196,False,normal
2026-09-01 04:01:30,/export,274.0838761056827,200,32884,129.08153799735035,False,normal
2026-09-01 04:02:00,/process,284.30459471039836,200,27215,343.4419410022972,False,normal
2026-09-01 04:02:30,/aggregate,47.47146658079484,200,158,100.99274187725428,False,normal
2026-09-01 04:03:00,/process,141.8011596034224,200,14371,273.5694811354378,False,normal
2026-09-01 04:03:30,/aggregate,371.7895411246436,200,43508,258.38302330407714,False,normal
2026-09-01 04:04:00,/export,293.7350661256343,200,33217,173.01840333874782,False,normal
2026-09-01 04:04:30,/merge,106.61011422088818,200,8147,343.68257945180966,False,normal
2026-09-01 04:05:00,/process,64.70433700152881,200,2594,89.85723162295913,False,normal
2026-09-01 04:05:30,/process,120.13954660852397,200,9106,153.6530086759426,False,normal
2026-09-01 04:06:00,/merge,131.51099279507213,200,9854,171.17078275671895,False,normal
2026-09-01 04:06:30,/aggregate,240.21370978545474,200,25539,253.340309649453,False,normal
2026-09-01 04:07:00,/aggregate,138.82006438262405,200,13335,239.33892814086812,False,normal
2026-09-01 04:07:30,/process,262.1666982767266,200,29384,272.11646380141144,False,normal
2026-09-01 04:08:00,/merge,319.23727737517794,200,36654,312.32444226943227,False,normal
2026-09-01 04:08:30,/process,326.09555305075827,200,37803,85.22207729331645,False,normal
2026-09-01 04:09:00,/aggregate,276.0259536850744,200,38903,231.37041823218456,False,normal
2026-09-01 04:09:30,/process,139.65804752380907,200,14716,188.288506265428,False,normal
2026-09-01 04:10:00,/aggregate,365.4860181240632,200,46732,266.1119293011328,False,normal
2026-09-01 04:10:30,/merge,377.3931199942148,200,47264,222.26284240443596,False,normal
2026-09-01 04:11:00,/merge,81.17629672739564,200,4070,174.0276091401532,False,normal
2026-09-01 04:11:30,/aggregate,283.95751595494005,200,31448,81.8581460785128,False,normal
2026-09-01 04:12:00,/merge,205.84527907718712,200,20940,163.89165816355282,False,normal
2026-09-01 04:12:30,/aggregate,343.6497101921985,200,42222,200.4243514346121,False,normal
2026-09-01 04:13:00,/process,287.2761345552729,200,33847,171.00549656246233,False,normal
2026-09-01 04:13:30,/aggregate,243.70779925734007,200,23903,182.39324167110175,False,normal
2026-09-01 04:14:00,/process,165.16354203996195,200,17765,255.79099166159094,False,normal
2026-09-01 04:14:30,/process,80.1173379357066,200,3650,170.57984798393773,False,normal
2026-09-01 04:15:00,/merge,197.12348704862214,200,17663,309.75044161336757,False,normal
2026-09-01 04:15:30,/merge,60.116863011906126,200,704,177.56252276824858,False,normal
2026-09-01 04:16:00,/process,355.80226305704946,200,48065,197.32481458304864,False,normal
2026-09-01 04:16:30,/merge,279.95991454219154,200,32048,197.01086874942564,False,normal
2026-09-01 04:17:00,/merge,234.2676714879635,200,27154,323.8707470135741,False,normal
2026-09-01 04:17:30,/aggregate,197.85148209360324,200,21364,243.29715248853861,False,normal
2026-09-01 04:18:00,/process,292.481203895769,200,32388,340.4547085267207,False,normal
2026-09-01 04:18:30,/aggregate,211.59601342824234,200,22079,81.20414133110613,False,normal
2026-09-01 04:19:00,/process,365.04337742234725,200,45572,337.99713688870213,False,normal
2026-09-01 04:19:30,/aggregate,177.94214278583303,200,16366,132.6483561925923,False,normal
2026-09-01 04:20:00,/process,211.96417344519443,200,22205,322.2819540889209,False,normal
2026-09-01 04:20:30,/aggregate,114.54911483915429,200,8996,91.8707088569576,False,normal
2026-09-01 04:21:00,/process,304.1911195010108,400,35668,311.1938986916217,False,normal
2026-09-01 04:21:30,/aggregate,219.94872136667487,200,23736,250.7919457234592,False,normal
2026-09-01 04:22:00,/aggregate,143.27113743643335,200,14052,265.0525293622329,False,normal
2026-09-01 04:22:30,/aggregate,132.81149945733665,200,12814,185.61769932688009,False,normal
2026-09-01 04:23:00,/process,349.1234207167565,200,42678,184.79203369841275,False,normal
2026-09-01 04:23:30,/export,348.2223363640693,200,44648,122.30413828927465,False,normal
2026-09-01 04:24:00,/process,103.65074568849894,200,10362,117.93717958211374,False,normal
2026-09-01 04:24:30,/process,132.64666460945136,200,9019,248.5371570451916,False,normal
2026-09-01 04:25:00,/process,250.20961083016869,200,29115,172.34296088359156,False,normal
2026-09-01 04:25:30,/process,388.3489668176017,200,48387,87.77370200821767,False,normal
2026-09-01 04:26:00,/aggregate,256.7423396887723,200,29824,125.76012769232048,False,normal
2026-09-01 04:26:30,/merge,351.5470856308546,200,43028,125.90230199558802,False,normal
2026-09-01 04:27:00,/merge,318.6646642569998,200,38332,132.1750852031671,False,normal
2026-09-01 04:27:30,/process,185.67787370069098,200,19243,202.62538833654122,False,normal
2026-09-01 04:28:00,/process,137.85781345351546,200,14276,325.8313429043336,False,normal
2026-09-01 04:28:30,/process,334.635347571022,200,38665,237.10200916547467,False,normal
2026-09-01 04:29:00,/merge,240.10557872586867,200,28641,279.8793001038557,False,normal
2026-09-01 04:29:30,/aggregate,269.0625777343177,200,29077,108.48607170559774,False,normal
2026-09-01 04:30:00,/export,38.56378352665124,200,2478,266.97423536085387,False,normal
2026-09-01 04:30:30,/aggregate,197.52012432769874,200,23349,313.57002811663426,False,normal
2026-09-01 04:31:00,/aggregate,335.7958569549466,200,38702,348.57844517699874,False,normal
2026-09-01 04:31:30,/merge,332.1037498260717,200,40618,272.3126567935507,False,normal
2026-09-01 04:32:00,/merge,229.4246852559769,200,27070,243.93447697495003,False,normal
2026-09-01 04:32:30,/process,346.5196044158477,200,41556,339.7629955940912,False,normal
2026-09-01 04:33:00,/process,316.1441156286157,504,40261,114.85270782440614,True,error_spike
2026-09-01 04:33:30,/aggregate,122.23808001293335,200,10155,294.09510780941116,False,normal
2026-09-01 04:34:00,/aggregate,268.1497049777978,200,35911,274.2418650737679,False,normal
2026-09-01 04:34:30,/process,360.3775856423857,200,45309,276.0713641451654,False,normal
2026-09-01 04:35:00,/aggregate,207.90932363900123,200,23951,175.7716785033614,False,normal
2026-09-01 04:35:30,/aggregate,69.99424153723848,200,1700,101.50140734377918,False,normal
2026-09-01 04:36:00,/process,406.36056940993564,200,49032,118.19847517565088,False,normal
2026-09-01 04:36:30,/process,39.80678513305432,200,375,262.7822048182619,False,normal
2026-09-01 04:37:00,/process,105.42366854248984,200,4470,164.25564172188598,False,normal
2026-09-01 04:37:30,/process,210.7645006409595,200,24235,336.23791081243166,False,normal
2026-09-01 04:38:00,/export,134.61214385150245,200,16493,112.90229749746493,False,normal
2026-09-01 04:38:30,/process,120.25637186183775,200,15136,299.86148997873596,False,normal
2026-09-01 04:39:00,/process,400.5794129954055,200,46785,208.86519280576945,False,normal
2026-09-01 04:39:30,/process,197.0239512496218,200,21191,159.44195293780024,False,normal
2026-09-01 04:40:00,/aggregate,67.95407347212168,200,3952,148.78557063936688,False,normal
2026-09-01 04:40:30,/process,1205.556459626252,200,24002,175.4251492917764,True,latency_spike
2026-09-01 04:41:00,/aggregate,128.3127528086284,200,13528,179.3445013525031,False,normal
2026-09-01 04:41:30,/process,234.5665065706393,200,23469,141.0527553129555,False,normal
2026-09-01 04:42:00,/process,341.21575426500243,200,41782,139.1258082085011,False,normal
2026-09-01 04:42:30,/merge,394.66012225319275,200,45401,342.2077098353027,False,normal
2026-09-01 04:43:00,/process,296.35495974096557,200,35620,193.76636586369457,False,normal
2026-09-01 04:43:30,/aggregate,336.1716124974121,200,45918,248.22195371209958,False,normal
2026-09-01 04:44:00,/aggregate,141.27650912242106,200,11230,269.7095297617338,False,normal
2026-09-01 04:44:30,/aggregate,166.10206760739626,200,17375,169.61655466957518,False,normal
2026-09-01 04:45:00,/merge,323.1888348064491,200,39535,332.4437831290653,False,normal
2026-09-01 04:45:30,/process,174.66610052535287,200,14451,159.33437802540976,False,normal
2026-09-01 04:46:00,/export,247.6701807205813,200,28803,131.82287790392266,False,normal
2026-09-01 04:46:30,/merge,296.5678985821255,200,32734,92.01414205737682,False,normal
2026-09-01 04:47:00,/aggregate,159.42612480283188,200,15643,151.00222091027638,False,normal
2026-09-01 04:47:30,/process,108.72728114461586,200,10001,96.58846904275693,False,normal
2026-09-01 04:48:00,/aggregate,58.43572162972627,200,118,249.43435628195874,False,normal
2026-09-01 04:48:30,/aggregate,181.5707634033691,200,20083,235.36925964394004,False,normal
2026-09-01 04:49:00,/merge,212.61742429627805,200,20599,86.08466778509343,False,normal
2026-09-01 04:49:30,/process,315.8802977029355,200,35926,336.4961532320472,False,normal
2026-09-01 04:50:00,/export,306.11900858959956,200,36454,276.72374023084933,False,normal
2026-09-01 04:50:30,/merge,61.82945563902394,200,383,228.55860769254448,False,normal
2026-09-01 04:51:00,/process,227.1690332686224,200,24100,335.1196575112264,False,normal
2026-09-01 04:51:30,/process,316.16374175813775,200,38614,223.04958010222612,False,normal
2026-09-01 04:52:00,/process,402.27619656481437,200,48407,127.56095369459734,False,normal
2026-09-01 04:52:30,/merge,303.61662620273796,200,36718,290.525861730747,False,normal
2026-09-01 04:53:00,/export,161.4430850837943,504,14600,337.900100678596,True,error_spike
2026-09-01 04:53:30,/export,171.71281762846988,200,19424,96.18234170741,False,normal
2026-09-01 04:54:00,/aggregate,181.70242496499813,200,18596,216.04630066936414,False,normal
2026-09-01 04:54:30,/aggregate,143.51038630200247,200,12467,141.12955351436904,False,normal
2026-09-01 04:55:00,/aggregate,40.74219646584468,200,367,324.07079240415237,False,normal
2026-09-01 04:55:30,/aggregate,233.12109649769096,200,27048,105.86331741813024,False,normal
2026-09-01 04:56:00,/export,137.22033263422398,200,13598,297.8064412657823,False,normal
2026-09-01 04:56:30,/aggregate,164.92374957258437,200,14852,135.66015781908223,False,normal
2026-09-01 04:57:00,/process,168.27150224716326,200,18432,253.14526922162295,False,normal
2026-09-01 04:57:30,/aggregate,344.13001422513076,200,41072,266.8385132833083,False,normal
2026-09-01 04:58:00,/process,327.059625560013,200,36304,285.3508121417897,False,normal
2026-09-01 04:58:30,/merge,262.4140298790424,200,29571,94.32105305436424,False,normal
2026-09-01 04:59:00,/aggregate,281.6696106669197,200,36539,210.45606263761445,False,normal
2026-09-01 04:59:30,/aggregate,159.80019107523242,200,15405,113.91815658803526,False,normal
2026-09-01 05:00:00,/merge,199.9799970112335,200,19183,114.16918956990065,False,normal
2026-09-01 05:00:30,/merge,328.6200583269693,200,40403,123.7077438016822,False,normal
2026-09-01 05:01:00,/process,285.3389801415292,200,31229,119.94623860776105,False,normal
2026-09-01 05:01:30,/process,272.2992471363575,200,30418,332.44051809432796,False,normal
2026-09-01 05:02:00,/process,127.69022782031492,200,10181,231.31147840053765,False,normal
2026-09-01 05:02:30,/process,92.9796864098977,200,6684,148.5035060429609,False,normal
2026-09-01 05:03:00,/process,121.33488220949894,200,11272,211.08778577319785,False,normal
2026-09-01 05:03:30,/aggregate,191.5856707897967,200,20758,94.8419338834221,False,normal
2026-09-01 05:04:00,/export,145.10284734731854,200,13433,138.32501162603035,False,normal
2026-09-01 05:04:30,/process,229.7376431608794,200,24537,249.303104811937,False,normal
2026-09-01 05:05:00,/merge,151.34508944912685,200,13557,267.5272341494052,False,normal
2026-09-01 05:05:30,/aggregate,376.3239795405021,200,47242,246.2499629719085,False,normal
2026-09-01 05:06:00,/merge,390.28741504120296,200,48451,345.84703753529664,False,normal
2026-09-01 05:06:30,/aggregate,168.67882349892173,200,16101,344.4887751919208,False,normal
2026-09-01 05:07:00,/process,286.5462343214258,200,37251,305.17832485252916,False,normal
2026-09-01 05:07:30,/merge,196.01151499924657,200,22481,205.74866326795802,False,normal
2026-09-01 05:08:00,/process,317.46051676190706,200,39896,284.4259391147633,False,normal
2026-09-01 05:08:30,/process,389.01345349109357,200,48842,147.27479981727274,False,normal
2026-09-01 05:09:00,/merge,336.00416757763736,200,41422,313.5080366796749,False,normal
2026-09-01 05:09:30,/aggregate,195.87545458566774,200,21365,145.80673092408296,False,normal
2026-09-01 05:10:00,/process,210.7588312601533,200,24808,347.51197855755447,False,normal
2026-09-01 05:10:30,/process,349.89411857800883,200,41372,83.68480477756015,False,normal
2026-09-01 05:11:00,/export,1412.8046585135648,200,18589,294.97821741238,True,latency_spike
2026-09-01 05:11:30,/process,60.13322515889823,200,4938,215.1787205019397,False,normal
2026-09-01 05:12:00,/merge,183.6996876632187,200,19041,300.4049133837286,False,normal
2026-09-01 05:12:30,/process,171.5791495991113,200,19751,220.7033300978258,False,normal
2026-09-01 05:13:00,/merge,105.51227929698796,200,4251,305.03627499647604,False,normal
2026-09-01 05:13:30,/process,108.28703228813558,200,9271,271.26577480897197,False,normal
2026-09-01 05:14:00,/aggregate,183.7329413009926,200,19916,252.57627680073892,False,normal
2026-09-01 05:14:30,/process,360.9595250114299,200,44210,336.8675836723245,False,normal
2026-09-01 05:15:00,/aggregate,189.76133439214584,200,20361,111.83514411018538,False,normal
2026-09-01 05:15:30,/merge,243.08732610972913,200,27675,330.07827577680143,False,normal
2026-09-01 05:16:00,/process,179.361030957611,200,15130,220.8806032032909,False,normal
2026-09-01 05:16:30,/process,130.66951116592492,400,11005,271.0148978740493,False,normal
2026-09-01 05:17:00,/merge,123.65727462345549,200,8698,260.42210130410876,False,normal
2026-09-01 05:17:30,/aggregate,100.0508358005289,200,4699,185.78411564641556,False,normal
2026-09-01 05:18:00,/process,61.1541053029949,200,3646,222.21985572675075,False,normal
2026-09-01 05:18:30,/aggregate,223.31329703081838,200,21103,342.64214500703895,False,normal
2026-09-01 05:19:00,/aggregate,259.6179544324525,200,28434,211.8280780028389,False,normal
2026-09-01 05:19:30,/merge,98.98611933915038,200,4910,327.48648551274346,False,normal
2026-09-01 05:20:00,/process,352.7865450983593,200,45068,82.27759771865428,False,normal
2026-09-01 05:20:30,/merge,232.7144928056251,200,24313,235.04297966497398,False,normal
2026-09-01 05:21:00,/aggregate,363.11567776583934,500,43807,266.04463523607296,True,error_spike
2026-09-01 05:21:30,/merge,1471.3586313584537,200,36466,186.71874527187748,True,latency_spike
2026-09-01 05:22:00,/process,231.21115709416705,200,20957,101.93455160891418,False,normal
2026-09-01 05:22:30,/merge,167.88916741055988,200,15588,293.8605861528951,False,normal
2026-09-01 05:23:00,/aggregate,142.2953796894587,200,13659,283.3053703095406,False,normal
2026-09-01 05:23:30,/process,112.38408805508705,200,8457,182.93861484918082,False,normal
2026-09-01 05:24:00,/process,239.93177412484874,200,25143,106.34642312158101,False,normal
2026-09-01 05:24:30,/export,194.21302454430125,200,18140,306.65587120722614,False,normal
2026-09-01 05:25:00,/merge,232.39613833474735,200,24770,289.52944082479297,False,normal
2026-09-01 05:25:30,/process,127.27885035745317,200,8391,305.2466209286538,False,normal
2026-09-01 05:26:00,/merge,310.8904765735036,200,34079,301.08577518973766,False,normal
2026-09-01 05:26:30,/process,327.2147252695181,200,42207,151.04175893005478,False,normal
2026-09-01 05:27:00,/aggregate,238.67485756073555,200,27953,248.6503004390443,False,normal
2026-09-01 05:27:30,/merge,70.4695667465634,200,4896,205.76060184356095,False,normal
2026-09-01 05:28:00,/aggregate,107.05117395766285,200,7900,185.3978402841451,False,normal
2026-09-01 05:28:30,/process,331.45359304833477,200,37073,190.80240780272237,False,normal
2026-09-01 05:29:00,/process,169.57974577066807,200,15641,261.7753415672607,False,normal
2026-09-01 05:29:30,/process,151.9175415870678,200,16758,349.4926235155479,False,normal
2026-09-01 05:30:00,/process,382.84543828754676,200,48136,207.61862002724615,False,normal
2026-09-01 05:30:30,/process,320.8421149296756,200,36445,178.9757885563982,False,normal
2026-09-01 05:31:00,/process,195.39655865059925,200,21867,249.5330876222288,False,normal
2026-09-01 05:31:30,/process,318.8394181864365,200,38570,249.88924347783808,False,normal
2026-09-01 05:32:00,/aggregate,152.79673490768891,200,13990,189.93717362096248,False,normal
2026-09-01 05:32:30,/process,70.85050358882813,200,6839,254.41291115748228,False,normal
2026-09-01 05:33:00,/merge,226.3328579328037,200,23477,257.3003333431345,False,normal
2026-09-01 05:33:30,/export,320.37772484457656,200,37849,281.58480562031826,False,normal
2026-09-01 05:34:00,/process,787.4392114028342,200,14141,125.09731247123827,True,latency_spike
2026-09-01 05:34:30,/aggregate,366.6221079988984,200,47286,256.19105851670673,False,normal
2026-09-01 05:35:00,/aggregate,145.93610150574625,200,15308,192.8201365210258,False,normal
2026-09-01 05:35:30,/process,240.11250164236014,200,28395,317.4401611098914,False,normal
2026-09-01 05:36:00,/process,119.66247425808079,200,9372,246.96317380853975,False,normal
2026-09-01 05:36:30,/merge,277.32921182214335,200,32282,298.9626009960593,False,normal
2026-09-01 05:37:00,/aggregate,118.19924754323421,200,9426,298.7862420633028,False,normal
2026-09-01 05:37:30,/merge,190.5547539714141,200,16197,137.49787540795853,False,normal
2026-09-01 05:38:00,/process,92.2332261438076,200,3193,100.9489807996234,False,normal
2026-09-01 05:38:30,/aggregate,101.15667712669593,200,8806,285.0697029124749,False,normal
2026-09-01 05:39:00,/merge,82.57446469709491,200,6011,94.97126258261726,False,normal
2026-09-01 05:39:30,/merge,336.74391121656265,200,37244,336.0048019930541,False,normal
2026-09-01 05:40:00,/process,298.9944278064723,200,36207,266.38194771005146,False,normal
2026-09-01 05:40:30,/aggregate,358.2695818163542,200,41041,194.30535804544687,False,normal
2026-09-01 05:41:00,/process,184.03232903581593,200,15679,260.9621878992771,False,normal
2026-09-01 05:41:30,/merge,114.866764746856,200,10386,115.63385015916623,False,normal
2026-09-01 05:42:00,/process,116.17370182366516,200,9988,252.29530957798283,False,normal
2026-09-01 05:42:30,/process,91.86246759884733,200,5760,328.42892289688893,False,normal
2026-09-01 05:43:00,/merge,68.50057938300372,200,4451,80.03239333363341,False,normal
2026-09-01 05:43:30,/aggregate,159.37804903127255,200,17678,333.28989814685553,False,normal
2026-09-01 05:44:00,/aggregate,92.91810853060882,200,6948,163.89523429016305,False,normal
2026-09-01 05:44:30,/export,282.4774638183967,200,31341,187.17062607093112,False,normal
2026-09-01 05:45:00,/process,248.99660478316594,200,29345,333.6772671785278,False,normal
2026-09-01 05:45:30,/process,175.4171637342762,200,18316,295.0771172909148,False,normal
2026-09-01 05:46:00,/process,85.0273911310713,200,5958,183.9223319346724,False,normal
2026-09-01 05:46:30,/process,367.25543876557157,200,48204,344.4889280765774,False,normal
2026-09-01 05:47:00,/process,150.51763714283302,200,11136,88.80048257789635,False,normal
2026-09-01 05:47:30,/aggregate,292.3244728874702,200,39594,258.3321611901187,False,normal
2026-09-01 05:48:00,/export,357.74990154133116,200,45323,217.54374202068945,False,normal
2026-09-01 05:48:30,/aggregate,379.39988312002015,200,45817,319.608286333288,False,normal
2026-09-01 05:49:00,/aggregate,239.36235872158113,200,30000,85.04879386569198,False,normal
2026-09-01 05:49:30,/process,269.525178851103,200,30022,166.8322185815732,False,normal
2026-09-01 05:50:00,/aggregate,356.23891114470666,200,41022,209.14709679194902,False,normal
2026-09-01 05:50:30,/merge,302.0877477612086,200,37812,99.78705637520278,False,normal
2026-09-01 05:51:00,/aggregate,287.34666425215465,200,33417,254.30051718309525,False,normal
2026-09-01 05:51:30,/merge,366.5181917270142,200,47554,308.8589743904587,False,normal
2026-09-01 05:52:00,/aggregate,140.766759611734,200,11838,324.69730994730696,False,normal
2026-09-01 05:52:30,/process,64.75912463991922,200,1877,118.91933678476943,False,normal
2026-09-01 05:53:00,/aggregate,248.28765150596755,200,27823,216.72511720557074,False,normal
2026-09-01 05:53:30,/aggregate,272.30141250774744,200,28788,345.95345123360863,False,normal
2026-09-01 05:54:00,/process,355.5389083174916,200,42597,99.31647662829616,False,normal
2026-09-01 05:54:30,/aggregate,136.52628642298285,200,9435,270.3255994929282,False,normal
2026-09-01 05:55:00,/merge,93.85872845304378,200,4865,157.2258337401587,False,normal
2026-09-01 05:55:30,/process,310.72868432937156,200,39776,325.31119464720985,False,normal
2026-09-01 05:56:00,/aggregate,382.7081074197342,200,46928,244.21723816422363,False,normal
2026-09-01 05:56:30,/merge,139.58925848127654,200,11708,321.99637701721167,False,normal
2026-09-01 05:57:00,/aggregate,116.14853469133072,502,12506,93.62334119116898,True,error_spike
2026-09-01 05:57:30,/process,330.0352973898357,200,37106,243.503961285751,False,normal
2026-09-01 05:58:00,/process,271.0548861968725,200,31392,193.42651013788304,False,normal
2026-09-01 05:58:30,/aggregate,172.69051700040552,200,16697,109.12542562358058,False,normal
2026-09-01 05:59:00,/aggregate,252.9885501409258,200,30878,190.45839665113738,False,normal
2026-09-01 05:59:30,/aggregate,279.6556916560276,200,32611,280.2172833105908,False,normal
2026-09-01 06:00:00,/process,85.46866108187133,500,4383,237.16664528717743,True,error_spike
2026-09-01 06:00:30,/merge,1333.3506817141915,200,33980,240.34488366264796,True,latency_spike
2026-09-01 06:01:00,/export,270.1581389838215,200,31237,155.46877954360968,False,normal
2026-09-01 06:01:30,/process,336.645287680662,200,45450,217.4242148735612,False,normal
2026-09-01 06:02:00,/process,139.6471090705599,200,9847,200.519165182314,False,normal
2026-09-01 06:02:30,/process,338.9915171085303,200,43631,325.7046312994271,False,normal
2026-09-01 06:03:00,/merge,266.54988682554006,200,35571,317.03749376567737,False,normal
2026-09-01 06:03:30,/export,189.50173794352094,200,21946,198.09601972684226,False,normal
2026-09-01 06:04:00,/process,43.22129628829571,200,780,215.88761572228748,False,normal
2026-09-01 06:04:30,/process,299.8129042006038,200,34482,159.0185248469923,False,normal
2026-09-01 06:05:00,/process,383.99221878997787,200,49631,233.07164782117582,False,normal
2026-09-01 06:05:30,/aggregate,118.95185869918815,200,9201,115.1999590781627,False,normal
2026-09-01 06:06:00,/export,85.40491188376714,200,7074,340.73261519408896,False,normal
2026-09-01 06:06:30,/process,118.33483124970083,502,4993,191.89912252809287,True,error_spike
2026-09-01 06:07:00,/process,135.73670406086705,200,11040,82.46011463529413,False,normal
2026-09-01 06:07:30,/aggregate,329.7358119041303,200,35731,160.18118039822474,False,normal
2026-09-01 06:08:00,/aggregate,111.88773702019363,200,10976,336.1965580610196,False,normal
2026-09-01 06:08:30,/merge,377.6846559884378,200,45351,163.7704698305776,False,normal
2026-09-01 06:09:00,/aggregate,342.56893018511005,200,43806,184.35682524725328,False,normal
2026-09-01 06:09:30,/process,320.4438093131803,200,37357,343.19189375009546,False,normal
2026-09-01 06:10:00,/process,66.81940531748229,200,912,291.907007408621,False,normal
2026-09-01 06:10:30,/export,207.5468939216387,200,25886,177.33972807013362,False,normal
2026-09-01 06:11:00,/merge,104.08526084841766,200,10125,124.53643295526946,False,normal
2026-09-01 06:11:30,/process,253.37175575683847,200,31516,185.48717444562064,False,normal
2026-09-01 06:12:00,/merge,260.87296158039595,200,33311,180.74910655539952,False,normal
2026-09-01 06:12:30,/process,294.9913152111214,200,36530,321.55400260056786,False,normal
2026-09-01 06:13:00,/merge,272.9149834663549,200,33868,225.62555172690307,False,normal
2026-09-01 06:13:30,/process,228.1230517780561,200,28509,329.70051285453275,False,normal
2026-09-01 06:14:00,/merge,334.3739156718588,200,40382,346.25830322185357,False,normal
2026-09-01 06:14:30,/process,185.9313903471114,200,18217,314.79103588854116,False,normal
2026-09-01 06:15:00,/aggregate,337.17358726204975,200,43810,189.76696902284064,False,normal
2026-09-01 06:15:30,/aggregate,339.72820529837367,200,42552,185.45528062567058,False,normal
2026-09-01 06:16:00,/aggregate,78.75363021557693,200,4060,227.8216518432415,False,normal
2026-09-01 06:16:30,/process,176.41492670656203,200,18526,263.4050286317992,False,normal
2026-09-01 06:17:00,/process,249.2754768626568,200,29940,309.169825605753,False,normal
2026-09-01 06:17:30,/process,378.7064603387447,200,45193,300.72579294710806,False,normal
2026-09-01 06:18:00,/process,406.78351233100096,200,49126,164.49575173260894,False,normal
2026-09-01 06:18:30,/process,340.3187285167183,200,39990,278.7051481843206,False,normal
2026-09-01 06:19:00,/process,79.06812052983834,200,4572,181.55341022195046,False,normal
2026-09-01 06:19:30,/aggregate,357.6790115008462,200,39671,289.6706709142,False,normal
2026-09-01 06:20:00,/process,97.23453669398282,200,2992,83.59925125937988,False,normal
2026-09-01 06:20:30,/aggregate,336.07141088194174,200,41703,309.1554735221644,False,normal
2026-09-01 06:21:00,/process,304.87462191310823,200,36643,268.4680138057489,False,normal
2026-09-01 06:21:30,/process,413.38602520954873,200,49341,119.59986956854888,False,normal
2026-09-01 06:22:00,/process,332.206547760086,200,42004,147.5902523784544,False,normal
2026-09-01 06:22:30,/merge,402.60381162151504,200,49494,164.02728517484906,False,normal
2026-09-01 06:23:00,/process,284.1811154572078,200,33332,218.65352616554532,False,normal
2026-09-01 06:23:30,/aggregate,215.45281663883395,200,25120,324.5305187910424,False,normal
2026-09-01 06:24:00,/merge,133.62537678570692,200,12420,342.0551650122906,False,normal
2026-09-01 06:24:30,/aggregate,159.06346019198259,200,18926,242.77214053914076,False,normal
2026-09-01 06:25:00,/merge,56.94570390629261,200,2134,109.49305457875025,False,normal
2026-09-01 06:25:30,/export,277.015172657973,200,36685,344.1556831988564,False,normal
2026-09-01 06:26:00,/process,258.5438436600714,200,24885,339.3334077913224,False,normal
2026-09-01 06:26:30,/merge,411.5232821182315,200,48399,103.79196952643775,False,normal
2026-09-01 06:27:00,/process,407.97252208800603,200,48486,259.7604254997333,False,normal
2026-09-01 06:27:30,/process,275.4540638632402,500,31541,259.96014373267144,True,error_spike
2026-09-01 06:28:00,/aggregate,389.9041698984702,200,46399,258.4280221824815,False,normal
2026-09-01 06:28:30,/aggregate,78.88536854464812,200,1382,275.786094565402,False,normal
2026-09-01 06:29:00,/export,221.93907941144403,200,22368,81.38703711006848,False,normal
2026-09-01 06:29:30,/process,78.05553292216865,200,2023,163.3658607364644,False,normal
2026-09-01 06:30:00,/merge,87.56676976490536,200,7305,171.1381972803441,False,normal
2026-09-01 06:30:30,/aggregate,219.36599082108168,200,23261,255.30643571926836,False,normal
2026-09-01 06:31:00,/process,319.39138526093126,200,39615,105.67319950361258,False,normal
2026-09-01 06:31:30,/export,308.2335760564018,200,39406,154.6275523710679,False,normal
2026-09-01 06:32:00,/aggregate,284.26730845354484,504,35899,127.33022605225426,True,error_spike
2026-09-01 06:32:30,/process,367.20917846400187,200,44386,92.78005768944006,False,normal
2026-09-01 06:33:00,/export,410.2885666415443,200,49201,207.80027343903623,False,normal
2026-09-01 06:33:30,/process,161.2487169723977,200,18812,135.12971347073415,False,normal
2026-09-01 06:34:00,/process,125.09218648559144,200,6976,210.19014216869562,False,normal
2026-09-01 06:34:30,/process,253.45384257337813,200,25906,135.66956861661,False,normal
2026-09-01 06:35:00,/export,373.78765163418353,200,47061,293.8373099976839,False,normal
2026-09-01 06:35:30,/process,223.01872750076996,200,25700,110.14117384351826,False,normal
2026-09-01 06:36:00,/export,389.45893787659276,200,48642,288.2158293959417,False,normal
2026-09-01 06:36:30,/aggregate,98.50883116516326,200,4819,257.5236143166651,False,normal
2026-09-01 06:37:00,/process,210.50040280650356,200,23742,122.73144173450531,False,normal
2026-09-01 06:37:30,/aggregate,34.46041832894362,200,144,182.18436960739362,False,normal
2026-09-01 06:38:00,/aggregate,299.46730733198956,200,34896,183.19864755720158,False,normal
2026-09-01 06:38:30,/aggregate,202.6756515424793,200,26231,202.79157911926706,False,normal
2026-09-01 06:39:00,/merge,143.17150565637357,200,13004,262.1768528259944,False,normal
2026-09-01 06:39:30,/aggregate,244.25301817688887,200,25263,84.02226555282598,False,normal
2026-09-01 06:40:00,/export,278.73150557801785,502,32018,124.7174861436119,True,error_spike
2026-09-01 06:40:30,/process,364.08074720561376,200,43194,268.60841251749093,False,normal
2026-09-01 06:41:00,/merge,404.86509488566657,400,49635,105.09173587294978,False,normal
2026-09-01 06:41:30,/aggregate,125.08453306114977,200,9165,307.93000926696715,False,normal
2026-09-01 06:42:00,/merge,70.28051482489703,200,2585,180.02867839452557,False,normal
2026-09-01 06:42:30,/merge,336.05007684271953,200,42641,89.79730642586523,False,normal
2026-09-01 06:43:00,/export,244.9588485224549,200,28332,287.45244132685974,False,normal
2026-09-01 06:43:30,/process,144.34607269094232,200,13635,146.16870229941037,False,normal
2026-09-01 06:44:00,/aggregate,295.8089198657845,400,32418,349.60008464377745,False,normal
2026-09-01 06:44:30,/export,263.4481429810293,200,27008,329.1053846390228,False,normal
2026-09-01 06:45:00,/export,296.84317866093704,200,34362,319.0400374013833,False,normal
2026-09-01 06:45:30,/process,286.3686991961923,200,35380,318.63371361232936,False,normal
2026-09-01 06:46:00,/export,345.47976845288184,400,43775,99.87025529833775,False,normal
2026-09-01 06:46:30,/aggregate,98.63043981291943,200,7349,87.20779457611428,False,normal
2026-09-01 06:47:00,/process,371.2999624524314,200,42924,188.26996831821236,False,normal
2026-09-01 06:47:30,/merge,386.3006059685533,504,47326,193.53597083434397,True,error_spike
2026-09-01 06:48:00,/aggregate,206.6420036030547,200,22496,190.3751600872526,False,normal
2026-09-01 06:48:30,/aggregate,373.80381253465174,200,47897,241.13292934768077,False,normal
2026-09-01 06:49:00,/process,282.3776851506836,200,31306,291.66009638908804,False,normal
2026-09-01 06:49:30,/aggregate,393.8545726147703,200,48502,292.844057666675,False,normal
2026-09-01 06:50:00,/process,237.16033312129457,200,26846,331.1495958450457,False,normal
2026-09-01 06:50:30,/process,53.02835574787132,200,211,262.6553817078583,False,normal
2026-09-01 06:51:00,/merge,134.65073985017472,200,8479,316.8781835938878,False,normal
2026-09-01 06:51:30,/aggregate,273.043335056128,200,32207,104.63661152729941,False,normal
2026-09-01 06:52:00,/aggregate,404.7188820642437,200,47056,87.01303290689292,False,normal
2026-09-01 06:52:30,/merge,303.73627495131694,200,33586,201.90711900409005,False,normal
2026-09-01 06:53:00,/process,287.3361188516134,200,33793,318.35868611899366,False,normal
2026-09-01 06:53:30,/process,371.3071074580733,200,44007,184.08161132099252,False,normal
2026-09-01 06:54:00,/process,153.7733151818274,200,15090,109.92799105510852,False,normal
2026-09-01 06:54:30,/process,108.6453531737274,200,10153,114.09229213989667,False,normal
2026-09-01 06:55:00,/merge,355.6054715115014,200,44232,141.78813461189867,False,normal
2026-09-01 06:55:30,/process,80.41446095569361,200,6289,313.198649544542,False,normal
2026-09-01 06:56:00,/process,167.53673085412618,200,15695,170.7735587897227,False,normal
2026-09-01 06:56:30,/aggregate,333.6509202557645,200,40490,311.9910795372308,False,normal
2026-09-01 06:57:00,/process,147.32645203075978,200,12687,334.4029004528705,False,normal
2026-09-01 06:57:30,/process,154.50627693116678,200,13158,289.14703374697035,False,normal
2026-09-01 06:58:00,/aggregate,314.3603279402775,200,44452,329.3268265025298,False,normal
2026-09-01 06:58:30,/merge,78.43047829268956,200,3394,148.90295330094685,False,normal
2026-09-01 06:59:00,/process,264.00584105953646,200,34433,132.5364993661479,False,normal
2026-09-01 06:59:30,/aggregate,85.30146762677938,200,4686,145.28253061819643,False,normal
2026-09-01 07:00:00,/process,78.90216130410349,200,6009,84.83107168063809,False,normal
2026-09-01 07:00:30,/aggregate,277.62156632402247,200,32294,331.31512682611594,False,normal
2026-09-01 07:01:00,/aggregate,263.5067909189266,200,27575,135.63833076907196,False,normal
2026-09-01 07:01:30,/process,212.25601959999028,200,26839,250.10207108865524,False,normal
2026-09-01 07:02:00,/process,143.8388539118898,200,12997,156.81409103085602,False,normal
2026-09-01 07:02:30,/aggregate,310.763614593442,200,37420,225.78955698443582,False,normal
2026-09-01 07:03:00,/aggregate,74.89372986912926,200,7611,197.66269279467525,False,normal
2026-09-01 07:03:30,/process,342.3447176810502,200,40375,274.6517841551612,False,normal
2026-09-01 07:04:00,/merge,248.49432433275743,200,28283,134.24845010973752,False,normal
2026-09-01 07:04:30,/process,44.013924324727505,200,235,157.9495729577344,False,normal
2026-09-01 07:05:00,/export,212.60529373177744,200,24776,117.39214761666959,False,normal
2026-09-01 07:05:30,/process,424.759286713989,200,46653,167.70532076531327,False,normal
2026-09-01 07:06:00,/process,216.61397464880983,200,24646,305.1018945564007,False,normal
2026-09-01 07:06:30,/process,330.96015479607786,200,43995,340.1606085965281,False,normal
2026-09-01 07:07:00,/export,49.00052433196009,200,1852,84.08818251682605,False,normal
2026-09-01 07:07:30,/process,371.1137961632295,200,46659,308.19666316012774,False,normal
2026-09-01 07:08:00,/aggregate,132.16104024568756,200,12561,278.1815793917558,False,normal
2026-09-01 07:08:30,/export,318.0092038092096,200,38456,101.38053150500781,False,normal
2026-09-01 07:09:00,/export,55.575259737452484,502,3040,123.31936034708818,True,error_spike
2026-09-01 07:09:30,/process,192.86610945874867,200,19249,313.6588136190319,False,normal
2026-09-01 07:10:00,/aggregate,293.42036913630346,200,35811,132.43051636625216,False,normal
2026-09-01 07:10:30,/aggregate,116.9701219872278,200,12483,325.1794541568305,False,normal
2026-09-01 07:11:00,/merge,371.5822068250289,200,47688,225.7913856117701,False,normal
2026-09-01 07:11:30,/process,363.6470004238406,200,45631,345.7862926226228,False,normal
2026-09-01 07:12:00,/process,186.86035742195787,200,17733,216.2682454025172,False,normal
2026-09-01 07:12:30,/process,204.7438646039854,200,21068,115.40087397436523,False,normal
2026-09-01 07:13:00,/process,392.388753971468,200,49637,243.63699796533172,False,normal
2026-09-01 07:13:30,/aggregate,221.4174543113553,200,24446,200.2463820952309,False,normal
2026-09-01 07:14:00,/process,376.0322385947945,200,46115,99.12798623710175,False,normal
2026-09-01 07:14:30,/process,325.24487990263685,200,34952,300.9999542337018,False,normal
2026-09-01 07:15:00,/process,208.30164190094,200,23938,1051.68174391,True,memory_spike
2026-09-01 07:15:30,/process,298.16303468484983,200,34451,340.2772549873103,False,normal
2026-09-01 07:16:00,/process,249.86051888972912,200,26995,253.94294383814457,False,normal
2026-09-01 07:16:30,/export,278.618184241322,200,34702,237.4651688448231,False,normal
2026-09-01 07:17:00,/aggregate,185.04733891828857,200,18887,132.6356381149929,False,normal
2026-09-01 07:17:30,/process,270.9704949438361,200,31217,340.3181786306302,False,normal
2026-09-01 07:18:00,/merge,257.41895496838805,200,30638,278.4095111013921,False,normal
2026-09-01 07:18:30,/process,236.87373747617278,200,25480,260.4974719160449,False,normal
2026-09-01 07:19:00,/process,251.9563884293389,200,26647,267.5077928176304,False,normal
2026-09-01 07:19:30,/export,335.571422203143,200,38374,307.23835009225263,False,normal
2026-09-01 07:20:00,/merge,120.34278615948944,200,10460,172.64322146612537,False,normal
2026-09-01 07:20:30,/aggregate,191.79115691413048,200,19849,110.17671599703817,False,normal
2026-09-01 07:21:00,/process,301.5739079267796,200,30902,347.6344582190927,False,normal
2026-09-01 07:21:30,/process,125.78242689689891,200,13191,88.5049601713553,False,normal
2026-09-01 07:22:00,/process,331.29804340102015,200,39710,153.33000510036595,False,normal
2026-09-01 07:22:30,/process,381.5836095307966,200,45462,212.81411464018504,False,normal
2026-09-01 07:23:00,/process,229.56181358082458,200,25330,90.84665862846721,False,normal
2026-09-01 07:23:30,/process,356.03756041810146,200,42314,163.76363168376955,False,normal
2026-09-01 07:24:00,/aggregate,68.70426584867847,200,2302,314.9922504059581,False,normal
2026-09-01 07:24:30,/process,312.7798457903255,200,35925,248.8595995542442,False,normal
2026-09-01 07:25:00,/process,226.1924463759478,200,22422,237.6210096195566,False,normal
2026-09-01 07:25:30,/export,106.15086019849407,200,8496,84.92857346458521,False,normal
2026-09-01 07:26:00,/process,354.501600079643,200,43077,195.34831627997738,False,normal
2026-09-01 07:26:30,/process,65.81765351949744,200,2378,112.92877452462383,False,normal
2026-09-01 07:27:00,/process,393.44857939177706,200,49929,184.53946121483204,False,normal
2026-09-01 07:27:30,/merge,372.6155013337351,200,46130,184.93645765951686,False,normal
2026-09-01 07:28:00,/aggregate,296.51230813943835,200,37641,194.64648707142504,False,normal
2026-09-01 07:28:30,/aggregate,391.22477615896065,200,47151,165.3157594677325,False,normal
2026-09-01 07:29:00,/aggregate,323.3437455891946,200,35401,290.92089062985895,False,normal
2026-09-01 07:29:30,/process,1032.9524657189872,200,13693,205.08083783952998,True,latency_spike
2026-09-01 07:30:00,/process,371.85281168270285,200,43245,325.1602166767617,False,normal
2026-09-01 07:30:30,/aggregate,256.10812425737737,200,31510,172.89965338649824,False,normal
2026-09-01 07:31:00,/export,297.0905613162777,200,32042,118.76902920891789,False,normal
2026-09-01 07:31:30,/merge,46.380840913185764,200,1016,175.88739757900817,False,normal
2026-09-01 07:32:00,/aggregate,186.0051070178652,200,19543,315.33055601882853,False,normal
2026-09-01 07:32:30,/aggregate,215.90056296703338,200,19744,176.91462431474193,False,normal
2026-09-01 07:33:00,/process,143.12835976700836,200,15601,301.5539086055861,False,normal
2026-09-01 07:33:30,/merge,309.2225201719956,200,35229,267.11353476295596,False,normal
2026-09-01 07:34:00,/process,400.5090466366117,200,49470,149.77847753430052,False,normal
2026-09-01 07:34:30,/process,174.5236076433077,200,18115,131.65956553122098,False,normal
2026-09-01 07:35:00,/aggregate,133.34738572699837,200,13784,110.44783622384017,False,normal
2026-09-01 07:35:30,/merge,338.96255509562104,200,40375,201.32623685155613,False,normal
2026-09-01 07:36:00,/merge,175.32911825299075,200,18898,267.54141610223894,False,normal
2026-09-01 07:36:30,/aggregate,385.2148385496729,200,45648,159.37841998904253,False,normal
2026-09-01 07:37:00,/process,337.5423435071815,200,38454,337.7042774320088,False,normal
2026-09-01 07:37:30,/process,77.93239326307648,200,6946,83.8459002136751,False,normal
2026-09-01 07:38:00,/merge,166.77605564037955,200,17765,292.0805782489779,False,normal
2026-09-01 07:38:30,/export,286.28681381363623,200,34439,125.90416105149501,False,normal
2026-09-01 07:39:00,/process,39.02232258109168,200,964,349.45686870406104,False,normal
2026-09-01 07:39:30,/merge,165.26544362945785,200,18862,106.55049761488613,False,normal
2026-09-01 07:40:00,/aggregate,99.32203819702926,200,6856,328.68409113586574,False,normal
2026-09-01 07:40:30,/process,108.48616711385996,200,8801,188.40773324945008,False,normal
2026-09-01 07:41:00,/aggregate,322.78526311515157,200,42509,157.36652874126605,False,normal
2026-09-01 07:41:30,/process,164.6171198740739,200,17527,91.01759500274362,False,normal
2026-09-01 07:42:00,/aggregate,336.45357308997006,200,39810,139.21714080807493,False,normal
2026-09-01 07:42:30,/process,200.900254788916,200,24142,183.4800703501108,False,normal
2026-09-01 07:43:00,/merge,340.13497738063774,200,43427,332.65390887522324,False,normal
2026-09-01 07:43:30,/aggregate,387.4431139027367,200,44804,341.2737316708848,False,normal
2026-09-01 07:44:00,/merge,329.7802439642095,200,37146,101.49903556776366,False,normal
2026-09-01 07:44:30,/merge,293.73551409505336,200,38293,231.7310699740501,False,normal
2026-09-01 07:45:00,/process,76.58641486410448,200,6693,88.78734313983455,False,normal
2026-09-01 07:45:30,/process,58.164790178932655,200,358,108.0166118833357,False,normal
2026-09-01 07:46:00,/export,338.4965045376711,200,43767,246.29242280923987,False,normal
2026-09-01 07:46:30,/aggregate,66.62022340251609,200,2916,222.2453767418842,False,normal
2026-09-01 07:47:00,/process,57.146746331018136,200,1988,323.0646783183357,False,normal
2026-09-01 07:47:30,/process,406.25333965112793,200,49693,323.998080945692,False,normal
2026-09-01 07:48:00,/export,68.90203017475835,200,8119,123.10940551277808,False,normal
2026-09-01 07:48:30,/aggregate,212.08742643701711,200,27875,251.14071148667722,False,normal
2026-09-01 07:49:00,/process,45.642118501274076,200,2005,297.70766832625156,False,normal
2026-09-01 07:49:30,/aggregate,279.0441695257476,200,30548,288.5827803951675,False,normal
2026-09-01 07:50:00,/aggregate,139.22402255295785,200,13077,233.16738035400365,False,normal
2026-09-01 07:50:30,/aggregate,148.29069705652927,200,17702,218.31533902540633,False,normal
2026-09-01 07:51:00,/export,70.4638410295994,200,1867,234.19478705358898,False,normal
2026-09-01 07:51:30,/export,351.7312002369457,200,41588,191.55087734795038,False,normal
2026-09-01 07:52:00,/process,391.12506125978564,200,49259,232.58066404910355,False,normal
2026-09-01 07:52:30,/process,240.30672385150584,200,27895,320.74306223230275,False,normal
2026-09-01 07:53:00,/aggregate,128.45455595054733,200,10270,173.95452640443818,False,normal
2026-09-01 07:53:30,/merge,275.83201153983106,200,29670,198.98770515280864,False,normal
2026-09-01 07:54:00,/aggregate,115.04153764209777,200,8965,198.27592026999145,False,normal
2026-09-01 07:54:30,/merge,145.84645031255099,200,12550,313.9611846365367,False,normal
2026-09-01 07:55:00,/aggregate,318.6155539883266,200,38477,146.07804416062663,False,normal
2026-09-01 07:55:30,/process,316.27971809294297,200,38857,198.64339605776533,False,normal
2026-09-01 07:56:00,/merge,87.56407339370162,200,7329,282.846523867167,False,normal
2026-09-01 07:56:30,/process,129.34655969760513,200,10786,185.9124309232393,False,normal
2026-09-01 07:57:00,/aggregate,366.4400596098077,200,45849,310.9860334141889,False,normal
2026-09-01 07:57:30,/process,94.98846727480623,200,6949,225.20345961680917,False,normal
2026-09-01 07:58:00,/aggregate,1521.6093417043521,200,21686,106.70920756313777,True,latency_spike
2026-09-01 07:58:30,/export,266.68301773058295,200,29909,179.0232307419522,False,normal
2026-09-01 07:59:00,/aggregate,75.66548238843288,200,1802,119.52398920205033,False,normal
2026-09-01 07:59:30,/process,317.7962567661188,200,41633,198.62697711425142,False,normal
2026-09-01 08:00:00,/aggregate,309.3327214325851,200,35851,178.34175784266253,False,normal
2026-09-01 08:00:30,/aggregate,144.2199877854264,200,14724,171.63115637902087,False,normal
2026-09-01 08:01:00,/process,387.62434012090705,200,49964,303.93132958281126,False,normal
2026-09-01 08:01:30,/process,143.43574537038916,200,15174,322.2769791244776,False,normal
2026-09-01 08:02:00,/process,338.6089403446565,200,38634,284.0443986722113,False,normal
2026-09-01 08:02:30,/aggregate,115.28895831752729,200,7553,286.8562272710649,False,normal
2026-09-01 08:03:00,/process,306.7935024031905,200,38221,321.05567505550675,False,normal
2026-09-01 08:03:30,/aggregate,244.32240091402616,200,30198,327.7516384092088,False,normal
2026-09-01 08:04:00,/process,334.47594546155995,200,40610,127.08406179771592,False,normal
2026-09-01 08:04:30,/aggregate,313.0334219755462,200,38561,322.30143834736606,False,normal
2026-09-01 08:05:00,/process,300.6994303273847,200,32258,123.48836092539,False,normal
2026-09-01 08:05:30,/export,72.65678698006053,200,6368,153.4082903413988,False,normal
2026-09-01 08:06:00,/export,183.30018734517765,200,22964,293.53547598044383,False,normal
2026-09-01 08:06:30,/aggregate,233.7916700742447,200,26804,118.62278877833327,False,normal
2026-09-01 08:07:00,/aggregate,378.29306205784627,200,46876,340.4181975132138,False,normal
2026-09-01 08:07:30,/merge,241.21326702795838,200,27032,331.55944063935755,False,normal
2026-09-01 08:08:00,/process,381.41834169844356,200,45731,80.02324161265462,False,normal
2026-09-01 08:08:30,/merge,119.08903460924523,200,5427,251.8176151841157,False,normal
2026-09-01 08:09:00,/process,163.7108595094708,200,16978,329.87991825693155,False,normal
2026-09-01 08:09:30,/merge,227.76146202843069,200,26561,225.91321871246438,False,normal
2026-09-01 08:10:00,/process,315.7634316793356,200,41736,225.07785032883092,False,normal
2026-09-01 08:10:30,/aggregate,149.31308436615782,502,13666,238.43271164534065,True,error_spike
2026-09-01 08:11:00,/export,218.29212728954448,200,22213,229.35101793097505,False,normal
2026-09-01 08:11:30,/process,116.34543780715597,200,10036,237.0537051980077,False,normal
2026-09-01 08:12:00,/merge,370.08822551668186,200,43197,263.7318865568765,False,normal
2026-09-01 08:12:30,/aggregate,1679.4775575977724,200,49279,338.17741428555826,True,latency_spike
2026-09-01 08:13:00,/process,369.08179681227307,200,42337,102.23371898620545,False,normal
2026-09-01 08:13:30,/process,87.25300385800551,200,4608,143.21536081757125,False,normal
2026-09-01 08:14:00,/process,277.95259010952185,200,34830,81.55064894070789,False,normal
2026-09-01 08:14:30,/process,161.10669313134025,200,17237,98.04564001539875,False,normal
2026-09-01 08:15:00,/aggregate,215.64380735949754,200,26950,134.45132770679191,False,normal
2026-09-01 08:15:30,/process,240.7340581682317,200,30970,323.5592973167362,False,normal
2026-09-01 08:16:00,/aggregate,262.65972366619366,200,29808,165.1017587210422,False,normal
2026-09-01 08:16:30,/export,205.14396961743597,200,20300,242.31764230749042,False,normal
2026-09-01 08:17:00,/export,273.1579274961742,200,27692,164.47737785771218,False,normal
2026-09-01 08:17:30,/merge,56.11639282602601,200,992,346.71098550080586,False,normal
2026-09-01 08:18:00,/merge,252.51311252345343,200,29438,131.99687342634024,False,normal
2026-09-01 08:18:30,/process,336.6394456766764,200,43325,186.61087897648093,False,normal
2026-09-01 08:19:00,/export,378.8996881150756,200,44870,179.8465880907052,False,normal
2026-09-01 08:19:30,/process,140.096650516693,200,12037,137.69046560104312,False,normal
2026-09-01 08:20:00,/merge,79.80403953103537,200,5533,99.95043192999749,False,normal
2026-09-01 08:20:30,/merge,204.96196316422132,200,20662,185.55445928519373,False,normal
2026-09-01 08:21:00,/aggregate,169.99323335130845,400,15939,134.45245400014548,False,normal
2026-09-01 08:21:30,/aggregate,340.0027228681487,200,45436,86.33881906611546,False,normal
2026-09-01 08:22:00,/process,310.396408318376,200,35608,319.13933598771996,False,normal
2026-09-01 08:22:30,/aggregate,391.401641840589,200,48480,172.64753892371613,False,normal
2026-09-01 08:23:00,/process,221.43785457406753,200,25330,83.12254755101054,False,normal
2026-09-01 08:23:30,/process,363.972796327154,200,45747,246.37672407346213,False,normal
2026-09-01 08:24:00,/process,323.06703454262725,200,35263,209.1036679772475,False,normal
2026-09-01 08:24:30,/merge,217.30244076480986,200,20609,266.21245262323794,False,normal
2026-09-01 08:25:00,/export,87.80512893838673,200,1488,177.22932878207473,False,normal
2026-09-01 08:25:30,/process,293.3870064920097,200,37231,117.8529358040102,False,normal
2026-09-01 08:26:00,/process,69.87657839180461,200,4242,252.68611169504675,False,normal
2026-09-01 08:26:30,/process,360.64127267794856,200,42437,187.5670161238736,False,normal
2026-09-01 08:27:00,/process,133.49898703575164,200,14518,316.68978637583933,False,normal
2026-09-01 08:27:30,/process,108.79095751184866,200,9942,168.19561368597567,False,normal
2026-09-01 08:28:00,/aggregate,244.53514268860155,200,31657,140.0711213426913,False,normal
2026-09-01 08:28:30,/aggregate,417.12837761192867,200,48476,130.2036262993131,False,normal
2026-09-01 08:29:00,/aggregate,311.75927879929657,200,35117,149.1832833174609,False,normal
2026-09-01 08:29:30,/process,92.99769736069051,200,5160,144.39459634520637,False,normal
2026-09-01 08:30:00,/aggregate,159.821321807762,200,15219,220.90430226603098,False,normal
2026-09-01 08:30:30,/process,274.18302963338954,200,32920,180.48944181274436,False,normal
2026-09-01 08:31:00,/process,109.48883677712267,200,9351,341.75454013348633,False,normal
2026-09-01 08:31:30,/aggregate,143.42429299829357,200,12027,135.05499694615938,False,normal
2026-09-01 08:32:00,/export,212.2863267622627,200,24709,333.88265412670944,False,normal
2026-09-01 08:32:30,/process,144.20692734442775,200,10828,170.66217113439632,False,normal
2026-09-01 08:33:00,/merge,229.25231356588384,200,26663,210.49382128442676,False,normal
2026-09-01 08:33:30,/process,85.5337326199018,200,6948,339.02138049555833,False,normal
2026-09-01 08:34:00,/merge,172.74818069298053,200,14754,290.7555811276451,False,normal
2026-09-01 08:34:30,/process,377.6173199949437,200,47111,335.61829714529415,False,normal
2026-09-01 08:35:00,/aggregate,324.3301253973721,200,38001,225.4768581076712,False,normal
2026-09-01 08:35:30,/merge,89.27593735598862,200,6500,165.82763740675745,False,normal
2026-09-01 08:36:00,/aggregate,126.20446011486082,200,15708,262.28067247045294,False,normal
2026-09-01 08:36:30,/process,377.63204130321697,200,45632,264.98833025236576,False,normal
2026-09-01 08:37:00,/process,372.0507493745123,200,48893,91.21798129691382,False,normal
2026-09-01 08:37:30,/export,124.80944825199884,200,8368,108.92210456285946,False,normal
2026-09-01 08:38:00,/process,348.4857308586519,200,45964,335.50406423672933,False,normal
2026-09-01 08:38:30,/process,137.72998682124225,200,16529,274.6517950655191,False,normal
2026-09-01 08:39:00,/export,103.97158448173867,200,7051,302.186489399027,False,normal
2026-09-01 08:39:30,/process,130.94305718647217,200,10652,130.7509932291389,False,normal
2026-09-01 08:40:00,/process,236.22530018888023,200,26375,343.10842133773616,False,normal
2026-09-01 08:40:30,/process,377.575314229966,200,49397,161.24851335364053,False,normal
2026-09-01 08:41:00,/process,399.15997998736793,200,47976,117.82087443954362,False,normal
2026-09-01 08:41:30,/aggregate,61.18167314343587,200,4736,177.01154789165196,False,normal
2026-09-01 08:42:00,/aggregate,172.08105712793247,200,18435,174.90771463005018,False,normal
2026-09-01 08:42:30,/process,339.68208407333356,200,43072,95.72417150994927,False,normal
2026-09-01 08:43:00,/process,376.3728641462274,200,47434,308.5552917651214,False,normal
2026-09-01 08:43:30,/merge,168.43570512386808,200,15092,314.94568131995095,False,normal
2026-09-01 08:44:00,/merge,127.24684804221525,200,12394,133.3045408926346,False,normal
2026-09-01 08:44:30,/aggregate,391.79885806018814,200,47619,228.7305063092391,False,normal
2026-09-01 08:45:00,/process,194.3641939939787,200,19136,315.07033195559245,False,normal
2026-09-01 08:45:30,/aggregate,287.12140532101716,200,37541,182.06998858239876,False,normal
2026-09-01 08:46:00,/aggregate,153.0272899069798,200,17218,217.43782003383112,False,normal
2026-09-01 08:46:30,/aggregate,137.10471603855783,200,13265,145.88668442419515,False,normal
2026-09-01 08:47:00,/merge,353.1711773739667,200,44579,206.35276902276672,False,normal
2026-09-01 08:47:30,/process,233.4300728769267,200,25545,164.327928037576,False,normal
2026-09-01 08:48:00,/aggregate,204.93608561038357,200,26273,302.55025547380757,False,normal
2026-09-01 08:48:30,/process,117.78186746710296,200,8139,122.97824698929745,False,normal
2026-09-01 08:49:00,/aggregate,151.7626038849108,200,12942,88.90202054111604,False,normal
2026-09-01 08:49:30,/merge,190.40240611586125,200,20418,323.20602402449447,False,normal
2026-09-01 08:50:00,/merge,205.7451202322282,200,25213,126.49155543205762,False,normal
2026-09-01 08:50:30,/process,59.967752753115036,200,1412,228.28647399327198,False,normal
2026-09-01 08:51:00,/export,149.64664036105935,200,15387,271.44057189268693,False,normal
2026-09-01 08:51:30,/merge,297.276594325849,200,34111,168.23491703298413,False,normal
2026-09-01 08:52:00,/aggregate,250.913691890058,200,28885,330.83814379758826,False,normal
2026-09-01 08:52:30,/aggregate,268.8654038023301,200,29706,171.22882903605262,False,normal
2026-09-01 08:53:00,/merge,352.9701673643785,500,44210,133.18670917363863,True,error_spike
2026-09-01 08:53:30,/process,167.2802175619596,502,13663,97.64042421840864,True,error_spike
2026-09-01 08:54:00,/aggregate,33.39758880879389,200,2567,322.93716826208924,False,normal
2026-09-01 08:54:30,/merge,40.09836905162278,200,763,138.3299205757537,False,normal
2026-09-01 08:55:00,/aggregate,371.7671862372707,200,44915,322.3174698280483,False,normal
2026-09-01 08:55:30,/merge,356.03526104639883,200,46957,203.21383527267577,False,normal
2026-09-01 08:56:00,/aggregate,247.00097356772383,200,26566,331.8816582511703,False,normal
2026-09-01 08:56:30,/aggregate,76.07320535496451,200,6332,103.45792816983962,False,normal
2026-09-01 08:57:00,/process,76.29696779517053,200,3557,310.9186093338385,False,normal
2026-09-01 08:57:30,/export,151.44965794223788,200,16453,344.42041481764363,False,normal
2026-09-01 08:58:00,/process,82.08492102994747,200,5529,271.93374908535907,False,normal
2026-09-01 08:58:30,/aggregate,62.18835721029243,200,1367,116.08400933583579,False,normal
2026-09-01 08:59:00,/aggregate,143.92298471960436,200,13642,349.331398623967,False,normal
2026-09-01 08:59:30,/export,178.8482020528814,200,19224,296.3258539813735,False,normal
2026-09-01 09:00:00,/export,2628.918103024944,200,41468,136.7083650000273,True,latency_spike
2026-09-01 09:00:30,/process,191.13492656158238,200,20144,342.02747649994063,False,normal
2026-09-01 09:01:00,/export,286.35159798039837,200,35843,103.28580095932556,False,normal
2026-09-01 09:01:30,/aggregate,250.9680154965508,200,26722,115.05389293061879,False,normal
2026-09-01 09:02:00,/process,354.63692512244586,200,41761,84.03867997313885,False,normal
2026-09-01 09:02:30,/aggregate,182.0938623497345,200,16250,239.93299592246115,False,normal
2026-09-01 09:03:00,/process,417.3028753264552,200,48642,189.04232808868846,False,normal
2026-09-01 09:03:30,/aggregate,123.8439560975061,200,12562,103.14948086726946,False,normal
2026-09-01 09:04:00,/process,106.85682714573488,200,5852,213.12775138813453,False,normal
2026-09-01 09:04:30,/process,342.26399120932933,200,39310,317.8620041238608,False,normal
2026-09-01 09:05:00,/process,242.9604644579616,200,27565,104.86917073705582,False,normal
2026-09-01 09:05:30,/aggregate,151.8034541390513,200,14018,252.49608121397347,False,normal
2026-09-01 09:06:00,/merge,63.730265315367866,200,8396,125.53429132228017,False,normal
2026-09-01 09:06:30,/export,158.07375764841848,200,16669,217.90570481569983,False,normal
2026-09-01 09:07:00,/process,299.5874488407591,200,31824,172.5301344160984,False,normal
2026-09-01 09:07:30,/aggregate,195.43232668934002,200,24605,154.4734735837594,False,normal
2026-09-01 09:08:00,/process,82.7605992334039,200,5828,83.3052141409956,False,normal
2026-09-01 09:08:30,/process,150.66003973886038,200,13763,236.17161510773136,False,normal
2026-09-01 09:09:00,/export,238.84145058438654,200,25744,199.73096800514708,False,normal
2026-09-01 09:09:30,/process,328.96513510522647,200,36356,266.66314691335646,False,normal
2026-09-01 09:10:00,/merge,226.03964681008358,200,28926,129.87834742614626,False,normal
2026-09-01 09:10:30,/aggregate,80.67849554624054,200,4291,345.5772817006102,False,normal
2026-09-01 09:11:00,/process,111.43307981664029,200,6934,85.33591983670212,False,normal
2026-09-01 09:11:30,/merge,143.8632699790056,200,16224,132.89888959267338,False,normal
2026-09-01 09:12:00,/process,295.56666127527865,200,35166,253.21815175384802,False,normal
2026-09-01 09:12:30,/merge,225.978940695417,200,21101,473.63787962425107,True,memory_spike
2026-09-01 09:13:00,/process,112.49659643122054,200,6107,150.3496792793792,False,normal
2026-09-01 09:13:30,/process,148.92447466754092,200,12976,215.46348554678733,False,normal
2026-09-01 09:14:00,/merge,216.58879089562095,200,29400,284.2151742623944,False,normal
2026-09-01 09:14:30,/aggregate,342.10798396569453,200,42009,313.4113562186001,False,normal
2026-09-01 09:15:00,/process,138.31230848693536,200,11788,165.52856079624587,False,normal
2026-09-01 09:15:30,/aggregate,169.75587880108313,200,17769,257.58641911665586,False,normal
2026-09-01 09:16:00,/process,130.56841285227728,200,11650,86.24695267985473,False,normal
2026-09-01 09:16:30,/aggregate,243.8813552260994,200,21090,320.47182260150316,False,normal
2026-09-01 09:17:00,/merge,207.73397221074754,200,22993,261.367111792184,False,normal
2026-09-01 09:17:30,/merge,199.9065485487044,200,23493,323.60248326582445,False,normal
2026-09-01 09:18:00,/process,108.41800942422859,200,7825,136.803671674323,False,normal
2026-09-01 09:18:30,/aggregate,335.9398990355989,200,41525,214.09838394591185,False,normal
2026-09-01 09:19:00,/export,242.38977770052813,200,28148,280.8035234279991,False,normal
2026-09-01 09:19:30,/aggregate,125.78452275958388,200,11013,86.8172715837001,False,normal
2026-09-01 09:20:00,/merge,207.66561829649237,200,20865,307.0983901607155,False,normal
2026-09-01 09:20:30,/process,343.75458395667727,200,41456,271.1031469791735,False,normal
2026-09-01 09:21:00,/merge,287.7863530718733,200,36544,292.7797418390572,False,normal
2026-09-01 09:21:30,/aggregate,379.9704274376577,200,47423,123.87679182083426,False,normal
2026-09-01 09:22:00,/merge,254.53072138450815,200,28202,289.80302864754515,False,normal
2026-09-01 09:22:30,/merge,136.60911830419025,504,13375,233.08517776532256,True,error_spike
2026-09-01 09:23:00,/merge,118.21515698925761,200,7283,120.47634785706175,False,normal
2026-09-01 09:23:30,/process,121.48592241890063,200,8547,115.64769310053771,False,normal
2026-09-01 09:24:00,/merge,222.8364742669174,200,26814,311.5846278536359,False,normal
2026-09-01 09:24:30,/process,330.99590967488393,200,39457,187.59460541110587,False,normal
2026-09-01 09:25:00,/process,2307.7760929104143,200,33629,153.45268843390448,True,latency_spike
2026-09-01 09:25:30,/process,183.3797418228681,200,15711,179.4215578239972,False,normal
2026-09-01 09:26:00,/aggregate,148.9619201827347,200,14258,264.8592420482794,False,normal
2026-09-01 09:26:30,/aggregate,143.60017599565853,200,11448,116.8172366961704,False,normal
2026-09-01 09:27:00,/export,138.9420519115406,200,14150,123.7243344776877,False,normal
2026-09-01 09:27:30,/process,56.24384075029775,200,3995,255.40312172494512,False,normal
2026-09-01 09:28:00,/process,117.97579340473688,200,8523,321.46243061259315,False,normal
2026-09-01 09:28:30,/process,268.7940590537122,200,30728,261.4077280631567,False,normal
2026-09-01 09:29:00,/merge,138.98926222652523,200,11611,335.1662254139286,False,normal
2026-09-01 09:29:30,/aggregate,377.60051243035167,200,46853,156.43186065376398,False,normal
2026-09-01 09:30:00,/aggregate,102.02057903547389,200,6733,175.600130459169,False,normal
2026-09-01 09:30:30,/merge,350.8312808435914,200,44075,180.636427925964,False,normal
2026-09-01 09:31:00,/aggregate,352.47787796644076,200,42197,176.84968649091294,False,normal
2026-09-01 09:31:30,/process,268.8562095482242,200,29480,152.5477058096056,False,normal
2026-09-01 09:32:00,/process,146.62685130435327,200,13929,294.0393720533482,False,normal
2026-09-01 09:32:30,/aggregate,216.11418716233976,200,21986,156.4926374637655,False,normal
2026-09-01 09:33:00,/merge,1507.141379385918,200,31423,192.41834753089356,True,latency_spike
2026-09-01 09:33:30,/aggregate,379.9536469412129,200,48821,207.54021745491414,False,normal
2026-09-01 09:34:00,/process,171.571707197683,200,14272,348.99109775972056,False,normal
2026-09-01 09:34:30,/aggregate,307.7750962506487,200,33050,168.94491540799424,False,normal
2026-09-01 09:35:00,/process,346.22594772591833,200,41781,266.56987671216973,False,normal
2026-09-01 09:35:30,/aggregate,383.1406769641277,200,47813,168.46458068143903,False,normal
2026-09-01 09:36:00,/aggregate,154.5305236324865,200,17650,296.12127250963385,False,normal
2026-09-01 09:36:30,/export,296.54763954686666,200,34442,184.6732547360147,False,normal
2026-09-01 09:37:00,/process,243.79557811124363,200,26017,85.79820819761765,False,normal
2026-09-01 09:37:30,/aggregate,271.85616384975367,200,34869,221.2370633299069,False,normal
2026-09-01 09:38:00,/aggregate,178.2934761857887,200,17130,171.14274544705603,False,normal
2026-09-01 09:38:30,/merge,302.9339996482077,200,35082,151.47317243357813,False,normal
2026-09-01 09:39:00,/merge,367.04197278330037,200,44347,159.00711205533833,False,normal
2026-09-01 09:39:30,/aggregate,77.68409879881405,200,6371,80.52428229145778,False,normal
2026-09-01 09:40:00,/merge,367.2966515140582,200,44167,277.28417465713807,False,normal
2026-09-01 09:40:30,/aggregate,116.47288505657158,200,12706,227.87991809280342,False,normal
2026-09-01 09:41:00,/export,84.49493725437425,200,1738,251.8088194915726,False,normal
2026-09-01 09:41:30,/process,75.70875192840352,200,3383,233.76566722982682,False,normal
2026-09-01 09:42:00,/process,211.5492231978779,502,25572,182.8849083080326,True,error_spike
2026-09-01 09:42:30,/merge,396.60179309215243,200,46632,203.85465206593085,False,normal
2026-09-01 09:43:00,/process,126.57915676399482,200,8467,208.60409820347758,False,normal
2026-09-01 09:43:30,/merge,388.32552826682803,200,49726,327.72639878445375,False,normal
2026-09-01 09:44:00,/aggregate,111.46756254301371,200,4058,174.06477497008763,False,normal
2026-09-01 09:44:30,/aggregate,246.9818615148325,200,30292,121.15522851618337,False,normal
2026-09-01 09:45:00,/process,265.54829191794965,200,30121,102.62423565506822,False,normal
2026-09-01 09:45:30,/merge,122.92456463665602,200,7884,171.0595819354711,False,normal
2026-09-01 09:46:00,/process,317.54192035044275,200,43086,234.53212434626798,False,normal
2026-09-01 09:46:30,/export,109.1569447638656,200,6305,237.27348417746308,False,normal
2026-09-01 09:47:00,/merge,102.6072277714089,200,7654,276.53215471249996,False,normal
2026-09-01 09:47:30,/process,206.29850348593095,200,22362,258.03655107516323,False,normal
2026-09-01 09:48:00,/process,160.78507228731252,200,18134,102.50926563343745,False,normal
2026-09-01 09:48:30,/merge,192.17986209166241,200,19601,185.22328549133738,False,normal
2026-09-01 09:49:00,/aggregate,162.74823539716934,200,18485,180.00425307938218,False,normal
2026-09-01 09:49:30,/process,104.51409494771846,200,9863,110.47456236077726,False,normal
2026-09-01 09:50:00,/aggregate,255.38394194902847,200,30300,238.88825186890367,False,normal
2026-09-01 09:50:30,/process,63.45402980218499,200,4552,289.15195189163853,False,normal
2026-09-01 09:51:00,/aggregate,275.49197096480805,200,28843,91.58132734016549,False,normal
2026-09-01 09:51:30,/aggregate,256.89722408977167,200,32404,223.08959687479015,False,normal
2026-09-01 09:52:00,/export,185.1604433584813,200,20926,112.27097444662536,False,normal
2026-09-01 09:52:30,/merge,322.69956679827374,200,39635,289.62393763143757,False,normal
2026-09-01 09:53:00,/process,271.47055963076957,200,31631,230.7959281063202,False,normal
2026-09-01 09:53:30,/aggregate,84.61397085608797,200,3247,97.7994954265019,False,normal
2026-09-01 09:54:00,/aggregate,202.23954581967453,200,19995,736.4519702834357,True,memory_spike
2026-09-01 09:54:30,/export,154.26511876191228,200,15544,145.05819575234705,False,normal
2026-09-01 09:55:00,/process,154.64282089698813,200,15772,135.96275192875996,False,normal
2026-09-01 09:55:30,/aggregate,156.16246683389357,200,15091,260.14240790012366,False,normal
2026-09-01 09:56:00,/export,337.30449719169246,200,39282,189.22250386680452,False,normal
2026-09-01 09:56:30,/process,250.54025019224952,200,27154,330.6189093359865,False,normal
2026-09-01 09:57:00,/process,119.87750004548103,200,11089,327.45368936232944,False,normal
2026-09-01 09:57:30,/aggregate,230.9669647139242,200,30265,310.37982968715255,False,normal
2026-09-01 09:58:00,/process,223.90279400895278,200,20251,190.7833432058124,False,normal
2026-09-01 09:58:30,/export,208.35253442382907,200,20583,324.27562319997844,False,normal
2026-09-01 09:59:00,/process,95.70472104866154,200,5965,99.45846607939119,False,normal
2026-09-01 09:59:30,/process,358.2766374136629,200,43310,289.4568578200228,False,normal
2026-09-01 10:00:00,/process,350.8481064256995,200,44096,176.92490159212076,False,normal
2026-09-01 10:00:30,/merge,172.18413185806594,500,19600,313.7342492766527,True,error_spike
2026-09-01 10:01:00,/process,153.07179571692808,200,15437,88.01806858429106,False,normal
2026-09-01 10:01:30,/export,153.32200141339885,200,15237,235.3043364755942,False,normal
2026-09-01 10:02:00,/merge,212.28226987679778,200,24523,98.7913106314331,False,normal
2026-09-01 10:02:30,/export,296.6557286565159,200,38359,159.55030301785717,False,normal
2026-09-01 10:03:00,/process,352.5413765345476,200,43890,232.47028714865053,False,normal
2026-09-01 10:03:30,/process,353.43238253538345,200,42112,117.51609473847967,False,normal
2026-09-01 10:04:00,/process,268.4525922629189,200,32268,267.4480881486054,False,normal
2026-09-01 10:04:30,/export,357.5035875944739,200,43882,218.4490266610242,False,normal
2026-09-01 10:05:00,/merge,42.088025019991775,200,3307,140.39182512039253,False,normal
2026-09-01 10:05:30,/process,106.71462663506414,200,8547,225.23688041144175,False,normal
2026-09-01 10:06:00,/merge,159.02962412424864,200,15837,200.3788054382798,False,normal
2026-09-01 10:06:30,/export,663.7436499276671,200,9928,89.08692806378089,True,latency_spike
2026-09-01 10:07:00,/export,276.5049768297034,200,36064,271.56549205819,False,normal
2026-09-01 10:07:30,/merge,218.4584071609156,200,23183,272.94555027401486,False,normal
2026-09-01 10:08:00,/merge,113.74921516109242,200,10842,325.7368772177547,False,normal
2026-09-01 10:08:30,/merge,395.99247861251337,200,48381,334.22748104435584,False,normal
2026-09-01 10:09:00,/process,135.54388731407977,200,13121,179.99631839848007,False,normal
2026-09-01 10:09:30,/process,276.73311136446495,200,31055,253.63833376571776,False,normal
2026-09-01 10:10:00,/merge,252.48206504891112,200,29652,244.09540172212886,False,normal
2026-09-01 10:10:30,/process,245.83571919398236,200,31205,94.1445765090238,False,normal
2026-09-01 10:11:00,/process,346.14000369905426,200,42491,275.4407221337998,False,normal
2026-09-01 10:11:30,/export,159.88303582717344,200,16401,153.58803258271854,False,normal
2026-09-01 10:12:00,/aggregate,216.0585735030954,200,22314,194.71297286185052,False,normal
2026-09-01 10:12:30,/aggregate,389.9161443843575,400,49525,247.57786039140038,False,normal
2026-09-01 10:13:00,/export,223.71693866408586,200,25659,216.1996773402043,False,normal
2026-09-01 10:13:30,/process,127.38217599989166,200,9212,155.58722795211793,False,normal
2026-09-01 10:14:00,/export,87.54966190825621,200,2865,315.74802074473644,False,normal
2026-09-01 10:14:30,/export,257.4476603848276,200,28008,105.32499906436371,False,normal
2026-09-01 10:15:00,/process,120.91585110079298,200,7907,242.74642165724543,False,normal
2026-09-01 10:15:30,/process,293.25209503092475,200,33777,129.9162511262778,False,normal
2026-09-01 10:16:00,/process,235.4983093003562,200,24849,329.7033232882137,False,normal
2026-09-01 10:16:30,/export,346.79982342837803,200,40518,332.8408048738982,False,normal
2026-09-01 10:17:00,/process,79.07939836917902,200,3289,272.6871966155495,False,normal
2026-09-01 10:17:30,/process,335.78799254335814,200,40692,318.72171457274567,False,normal
2026-09-01 10:18:00,/merge,349.1633321473321,200,42433,286.9212881381452,False,normal
2026-09-01 10:18:30,/aggregate,221.7817892612274,200,19387,256.6061073375094,False,normal
2026-09-01 10:19:00,/aggregate,259.30217045039086,200,29871,281.83257885859,False,normal
2026-09-01 10:19:30,/merge,141.80187754827813,200,13622,325.905081050714,False,normal
2026-09-01 10:20:00,/process,241.6071047954908,200,28153,138.55494602816384,False,normal
2026-09-01 10:20:30,/process,392.42983044844016,200,48990,276.90719673478526,False,normal
2026-09-01 10:21:00,/aggregate,68.90213027982934,200,2177,128.42742388914496,False,normal
2026-09-01 10:21:30,/process,226.87003836357127,200,27691,204.44863243036724,False,normal
2026-09-01 10:22:00,/aggregate,241.28847679891106,200,31571,171.7569890600625,False,normal
2026-09-01 10:22:30,/merge,153.65375348469652,200,14175,251.13132214104616,False,normal
2026-09-01 10:23:00,/aggregate,85.61220274184002,200,8529,252.5230413450461,False,normal
2026-09-01 10:23:30,/aggregate,102.88078049158709,200,7000,323.6336289862383,False,normal
2026-09-01 10:24:00,/process,90.56730190929568,200,5494,306.72970020638104,False,normal
2026-09-01 10:24:30,/process,348.54660049310223,200,40179,97.58919356044264,False,normal
2026-09-01 10:25:00,/merge,264.9559509569624,200,27129,126.7587814181885,False,normal
2026-09-01 10:25:30,/process,352.6020809180871,200,42441,92.08182323806537,False,normal
2026-09-01 10:26:00,/aggregate,196.76883287540963,200,22154,271.8103706878039,False,normal
2026-09-01 10:26:30,/process,232.10216226962137,200,28532,173.48726791924804,False,normal
2026-09-01 10:27:00,/export,368.36249936496256,200,47177,343.2599954479325,False,normal
2026-09-01 10:27:30,/process,185.4266612664614,200,19261,137.86511713466768,False,normal
2026-09-01 10:28:00,/aggregate,195.7936520971474,200,25262,338.2504011985682,False,normal
2026-09-01 10:28:30,/aggregate,282.2616785897204,200,33019,284.26313014248456,False,normal
2026-09-01 10:29:00,/merge,274.99514838636486,200,32168,285.79543511194015,False,normal
2026-09-01 10:29:30,/export,402.7156530616667,200,49007,244.05445306889757,False,normal
2026-09-01 10:30:00,/merge,333.4297439269345,200,41207,318.87106641580567,False,normal
2026-09-01 10:30:30,/process,254.23671847515757,200,28958,143.26863820296137,False,normal
2026-09-01 10:31:00,/process,235.31502436254058,200,28051,314.61166791967537,False,normal
2026-09-01 10:31:30,/merge,318.6715509870511,200,39376,317.8342547690146,False,normal
2026-09-01 10:32:00,/export,287.609484807187,200,37744,243.73775233093804,False,normal
2026-09-01 10:32:30,/process,360.6525974884297,200,44114,258.5622364977902,False,normal
2026-09-01 10:33:00,/merge,421.5091150123751,200,49754,141.77725875923284,False,normal
2026-09-01 10:33:30,/process,317.50153088535234,200,37866,212.65620979304958,False,normal
2026-09-01 10:34:00,/aggregate,111.61353494636664,200,8018,238.45872617664554,False,normal
2026-09-01 10:34:30,/aggregate,205.92854366278866,200,24379,165.3567328740434,False,normal
2026-09-01 10:35:00,/aggregate,90.79641548468399,200,2761,91.41030522109241,False,normal
2026-09-01 10:35:30,/export,101.47381018876293,200,8997,336.39308327753935,False,normal
2026-09-01 10:36:00,/aggregate,130.32560975947476,200,9757,297.6063193512181,False,normal
2026-09-01 10:36:30,/process,295.60902960510003,200,34857,178.59296291181266,False,normal
2026-09-01 10:37:00,/merge,165.5753339374693,200,18566,223.6655650908972,False,normal
2026-09-01 10:37:30,/aggregate,356.5447223847421,200,41591,239.59588510058416,False,normal
2026-09-01 10:38:00,/aggregate,269.40069033061985,200,31310,338.6491648429385,False,normal
2026-09-01 10:38:30,/process,389.7028304289124,200,48146,230.78006080973296,False,normal
2026-09-01 10:39:00,/aggregate,66.9391070148303,200,1451,275.35312638462983,False,normal
2026-09-01 10:39:30,/process,103.56339753364173,200,7698,296.85024840566155,False,normal
2026-09-01 10:40:00,/process,2032.0164367538175,200,40808,107.13461951426184,True,latency_spike
2026-09-01 10:40:30,/process,97.39659398386031,200,5772,237.09774077874383,False,normal
2026-09-01 10:41:00,/aggregate,143.63664111408323,200,14244,331.08718334544676,False,normal
2026-09-01 10:41:30,/process,273.9162721639759,200,31848,302.47719168252763,False,normal
2026-09-01 10:42:00,/merge,1046.6548392539275,400,21411,328.9246561809669,True,latency_spike
2026-09-01 10:42:30,/merge,317.2525741222648,200,41372,123.82031922190512,False,normal
2026-09-01 10:43:00,/process,82.05639650008915,200,6022,289.96710214924155,False,normal
2026-09-01 10:43:30,/aggregate,69.9498724614976,200,3911,155.33358321899863,False,normal
2026-09-01 10:44:00,/export,359.8671113773686,200,44235,316.4739405525998,False,normal
2026-09-01 10:44:30,/process,282.9460194953137,200,30740,961.6260673838063,True,memory_spike
2026-09-01 10:45:00,/aggregate,76.11494778922528,200,7351,181.25544702799687,False,normal
2026-09-01 10:45:30,/aggregate,145.67291677702326,200,13392,236.41798240694632,False,normal
2026-09-01 10:46:00,/aggregate,81.13711045381896,200,9188,206.75137170250622,False,normal
2026-09-01 10:46:30,/export,384.032049377309,200,49960,334.16894490992,False,normal
2026-09-01 10:47:00,/process,151.78300077452712,200,15627,229.54249341752154,False,normal
2026-09-01 10:47:30,/export,143.12792446700874,200,18132,100.93825703289261,False,normal
2026-09-01 10:48:00,/aggregate,371.92420201893543,400,49970,224.57003269352597,False,normal
2026-09-01 10:48:30,/merge,81.63363924513298,200,4189,85.18439724658275,False,normal
2026-09-01 10:49:00,/aggregate,349.35238865259515,200,42598,116.73084752806759,False,normal
2026-09-01 10:49:30,/merge,322.38517048531355,200,39156,212.53210016628321,False,normal
2026-09-01 10:50:00,/process,74.83413622405679,200,5270,204.59651647615104,False,normal
2026-09-01 10:50:30,/merge,188.05055495431662,200,15105,98.62411689654694,False,normal
2026-09-01 10:51:00,/process,362.084302828929,200,44929,171.94133895515898,False,normal
2026-09-01 10:51:30,/aggregate,184.15933701294824,200,21013,157.49796061638833,False,normal
2026-09-01 10:52:00,/aggregate,333.51797744226724,200,36906,157.4057135490071,False,normal
2026-09-01 10:52:30,/process,708.1475624664233,200,6614,199.62090607389996,True,latency_spike
2026-09-01 10:53:00,/process,316.46289062695604,200,38861,89.33012970616979,False,normal
2026-09-01 10:53:30,/merge,184.1602461491309,200,16610,88.80810252825698,False,normal
2026-09-01 10:54:00,/merge,139.82200928271038,200,12496,143.45452810848613,False,normal
2026-09-01 10:54:30,/aggregate,106.90405587571732,200,6751,273.40747727154644,False,normal
2026-09-01 10:55:00,/process,329.34306549288084,200,39403,332.90771971313154,False,normal
2026-09-01 10:55:30,/aggregate,125.16061984856589,200,12941,283.92152513607834,False,normal
2026-09-01 10:56:00,/process,273.37806956818315,200,29830,447.5264481194849,True,memory_spike
2026-09-01 10:56:30,/aggregate,255.25287205974354,200,28978,302.7277272946479,False,normal
2026-09-01 10:57:00,/aggregate,167.8451068693946,200,18998,301.32015607603614,False,normal
2026-09-01 10:57:30,/aggregate,143.68217124753514,200,15018,307.9146591720246,False,normal
2026-09-01 10:58:00,/aggregate,70.19623056957609,200,838,276.3634141145401,False,normal
2026-09-01 10:58:30,/process,278.3014074085889,200,33406,150.4666257417053,False,normal
2026-09-01 10:59:00,/merge,224.1984488207531,200,24786,213.64795126579796,False,normal
2026-09-01 10:59:30,/aggregate,375.27992241819965,200,45066,198.80179104025643,False,normal
2026-09-01 11:00:00,/merge,123.39494642579413,200,10210,89.39642414651775,False,normal
2026-09-01 11:00:30,/process,229.13490467903006,200,28862,225.94213452922088,False,normal
2026-09-01 11:01:00,/process,75.78013292657899,200,2317,151.50264678666275,False,normal
2026-09-01 11:01:30,/aggregate,74.79270247174766,200,1531,337.1610432783883,False,normal
2026-09-01 11:02:00,/aggregate,224.45464317398338,200,23065,259.94643542353083,False,normal
2026-09-01 11:02:30,/export,410.2101814400619,200,47994,1120.1322647358961,True,memory_spike
2026-09-01 11:03:00,/merge,289.516189807413,200,33436,88.74391280256437,False,normal
2026-09-01 11:03:30,/process,131.45252637521736,200,9971,272.243549878194,False,normal
2026-09-01 11:04:00,/merge,381.94447950518116,200,44015,296.8148902316726,False,normal
2026-09-01 11:04:30,/process,167.25008199450812,400,17373,204.62408364156002,False,normal
2026-09-01 11:05:00,/aggregate,206.20362050508692,200,18594,148.15007098972336,False,normal
2026-09-01 11:05:30,/process,260.62369425489203,200,26372,211.44852890832277,False,normal
2026-09-01 11:06:00,/process,374.7513454837712,200,44715,228.51097629795558,False,normal
2026-09-01 11:06:30,/aggregate,294.44131422807504,200,30978,197.13901798422694,False,normal
2026-09-01 11:07:00,/aggregate,190.6340886021931,200,18265,165.91324755902363,False,normal
2026-09-01 11:07:30,/aggregate,156.97245533633105,200,17169,260.5481626894489,False,normal
2026-09-01 11:08:00,/aggregate,121.62584174309882,200,7795,320.75057478197385,False,normal
2026-09-01 11:08:30,/aggregate,209.44897734333367,200,22079,152.47287535377671,False,normal
2026-09-01 11:09:00,/process,397.6131983453898,200,48773,318.26465503315785,False,normal
2026-09-01 11:09:30,/aggregate,271.96505032504655,200,31378,94.82822043214307,False,normal
2026-09-01 11:10:00,/process,209.36505703340617,200,19853,265.7481343517031,False,normal
2026-09-01 11:10:30,/aggregate,218.65547176856205,200,22910,172.98619569667687,False,normal
2026-09-01 11:11:00,/aggregate,532.714736591202,200,9586,221.69166127203988,True,latency_spike
2026-09-01 11:11:30,/aggregate,156.96020913627592,200,14239,175.7580700766001,False,normal
2026-09-01 11:12:00,/process,264.52702190044596,200,29084,101.72907371184779,False,normal
2026-09-01 11:12:30,/aggregate,183.28823587984976,200,20596,124.85050038238751,False,normal
2026-09-01 11:13:00,/process,52.77499426667753,200,1327,346.4709220018728,False,normal
2026-09-01 11:13:30,/process,179.34711004443838,200,19299,624.4435263273804,True,memory_spike
2026-09-01 11:14:00,/process,227.40498799012798,200,26645,336.564863866962,False,normal
2026-09-01 11:14:30,/aggregate,157.90788721035273,200,14668,220.31536225148238,False,normal
2026-09-01 11:15:00,/merge,242.92618710072443,200,25380,322.70490230590406,False,normal
2026-09-01 11:15:30,/process,288.9035356254832,200,30074,200.1132668761557,False,normal
2026-09-01 11:16:00,/process,169.30830123031112,200,14484,347.65405199208305,False,normal
2026-09-01 11:16:30,/aggregate,1485.5849419917442,200,25661,208.92971178648574,True,latency_spike
2026-09-01 11:17:00,/process,180.39398785021427,200,16178,149.83357717039934,False,normal
2026-09-01 11:17:30,/merge,214.47427290461104,200,20635,127.4773558290099,False,normal
2026-09-01 11:18:00,/process,223.66834136607486,200,25617,99.41020027992383,False,normal
2026-09-01 11:18:30,/process,308.9040644451669,400,35500,109.69415734788036,False,normal
2026-09-01 11:19:00,/aggregate,80.68453360101608,400,3693,264.1667063685609,False,normal
2026-09-01 11:19:30,/process,332.58179677885863,200,40646,177.94605073635415,False,normal
2026-09-01 11:20:00,/process,307.6217323072096,200,37778,315.90597227178966,False,normal
2026-09-01 11:20:30,/process,269.7598315725721,200,32477,133.42533101137536,False,normal
2026-09-01 11:21:00,/merge,113.34814631841128,200,9624,332.1656247571191,False,normal
2026-09-01 11:21:30,/export,151.35344283869992,200,17125,131.3597418319297,False,normal
2026-09-01 11:22:00,/process,317.62368539115374,200,37114,152.90524682635757,False,normal
2026-09-01 11:22:30,/merge,377.537726332708,200,46838,171.75964835186164,False,normal
2026-09-01 11:23:00,/process,393.9253660328271,200,48905,150.94548508408755,False,normal
2026-09-01 11:23:30,/aggregate,92.18035283535389,200,5300,192.05103116985651,False,normal
2026-09-01 11:24:00,/aggregate,300.0918305062236,200,34174,296.7559533537083,False,normal
2026-09-01 11:24:30,/process,323.19566649137846,200,40296,99.23721573566698,False,normal
2026-09-01 11:25:00,/merge,310.1918690960924,200,37398,145.89421458389072,False,normal
2026-09-01 11:25:30,/merge,173.71946135446314,200,21121,94.34673619879231,False,normal
2026-09-01 11:26:00,/process,266.4481255607077,200,35678,289.3196862289421,False,normal
2026-09-01 11:26:30,/process,160.16459888022013,200,19896,112.32302527011466,False,normal
2026-09-01 11:27:00,/merge,121.94731236361164,200,6985,217.5923120318508,False,normal
2026-09-01 11:27:30,/export,317.82932900627156,200,42175,314.44246640904146,False,normal
2026-09-01 11:28:00,/aggregate,848.3599226207409,200,7226,165.30118406577057,True,latency_spike
2026-09-01 11:28:30,/merge,301.7513002845461,200,32799,111.22797374115225,False,normal
2026-09-01 11:29:00,/export,176.1264599637723,200,18999,151.94155122032407,False,normal
2026-09-01 11:29:30,/merge,415.31897935990713,200,48696,333.71280703868644,False,normal
2026-09-01 11:30:00,/aggregate,204.18513773596257,200,18068,105.66453825913997,False,normal
2026-09-01 11:30:30,/process,371.5710770877121,200,43913,313.27329250422656,False,normal
2026-09-01 11:31:00,/process,189.92407653046678,200,14905,112.55265283135557,False,normal
2026-09-01 11:31:30,/aggregate,100.64799140286131,200,5901,124.13734399441051,False,normal
2026-09-01 11:32:00,/export,176.3358641619769,200,19609,288.4760360058588,False,normal
2026-09-01 11:32:30,/process,234.31056100274554,200,25207,252.6745995442084,False,normal
2026-09-01 11:33:00,/process,393.3052525955325,200,49988,166.60047437565674,False,normal
2026-09-01 11:33:30,/process,299.32236915383436,200,38403,269.56339976627333,False,normal
2026-09-01 11:34:00,/aggregate,177.85884285192842,200,20992,119.94949532421447,False,normal
2026-09-01 11:34:30,/aggregate,114.27478900489594,200,4219,317.93393815794616,False,normal
2026-09-01 11:35:00,/merge,173.97776984423308,200,18860,235.4452759146472,False,normal
2026-09-01 11:35:30,/process,239.90803871526435,200,27169,335.46732059756334,False,normal
2026-09-01 11:36:00,/aggregate,204.19736657917593,200,23436,240.91914356127396,False,normal
2026-09-01 11:36:30,/aggregate,2355.4266376754726,200,49640,234.40212214082808,True,latency_spike
2026-09-01 11:37:00,/aggregate,149.13021779111088,200,14655,311.6480504913282,False,normal
2026-09-01 11:37:30,/process,128.1647794894899,200,12026,237.37534697818361,False,normal
2026-09-01 11:38:00,/aggregate,133.45270353212265,200,14497,103.41761458788109,False,normal
2026-09-01 11:38:30,/merge,70.45019299715335,200,5927,245.1934960686108,False,normal
2026-09-01 11:39:00,/process,83.26607265049739,200,6323,159.2664676361433,False,normal
2026-09-01 11:39:30,/process,156.35929724659468,200,14542,252.23166496870198,False,normal
2026-09-01 11:40:00,/aggregate,158.14895517434866,200,10974,349.4810763871327,False,normal
2026-09-01 11:40:30,/process,186.96631309397716,200,17282,244.70652514455315,False,normal
2026-09-01 11:41:00,/merge,341.0450504360799,200,37642,305.1178555785833,False,normal
2026-09-01 11:41:30,/merge,158.01066654627635,200,14360,175.65899262467423,False,normal
2026-09-01 11:42:00,/export,330.21676901251806,200,40186,83.1611887707643,False,normal
2026-09-01 11:42:30,/merge,181.98165375926536,200,21661,92.63864509114723,False,normal
2026-09-01 11:43:00,/aggregate,102.5969674452172,200,7475,84.94410895417263,False,normal
2026-09-01 11:43:30,/process,309.8856866312666,200,41687,138.82728897431562,False,normal
2026-09-01 11:44:00,/merge,128.8795773749429,200,11876,153.08924107709288,False,normal
2026-09-01 11:44:30,/merge,256.0996731247337,200,25917,166.8025457079191,False,normal
2026-09-01 11:45:00,/merge,56.98594347441921,200,255,256.67568803336803,False,normal
2026-09-01 11:45:30,/aggregate,273.7225215080269,200,29503,282.2033401273162,False,normal
2026-09-01 11:46:00,/merge,295.16690949358235,200,35802,287.5673815139695,False,normal
2026-09-01 11:46:30,/process,68.42849213900267,200,5540,283.0322348076199,False,normal
2026-09-01 11:47:00,/aggregate,198.4294142087063,200,22188,310.8357471659393,False,normal
2026-09-01 11:47:30,/aggregate,67.68717456555021,200,3333,274.7125511892803,False,normal
2026-09-01 11:48:00,/process,294.0416794812666,200,32235,203.94086769889591,False,normal
2026-09-01 11:48:30,/process,412.8289811498174,200,47554,191.56672198123982,False,normal
2026-09-01 11:49:00,/process,278.0518646428834,200,34119,102.00189883713946,False,normal
2026-09-01 11:49:30,/aggregate,166.88664111256753,200,17420,83.60328997473741,False,normal
2026-09-01 11:50:00,/process,290.32825300029936,200,34596,311.40653677001,False,normal
2026-09-01 11:50:30,/aggregate,376.70867678101627,200,47371,120.14385153206875,False,normal
2026-09-01 11:51:00,/merge,221.62272339887622,200,27133,313.3623587395781,False,normal
2026-09-01 11:51:30,/aggregate,169.6800685528861,200,16847,187.84994515756316,False,normal
2026-09-01 11:52:00,/aggregate,110.09220669644247,200,7757,96.17858849513256,False,normal
2026-09-01 11:52:30,/export,280.25293311180656,200,32014,303.83061055860685,False,normal
2026-09-01 11:53:00,/process,366.8966403558582,400,47803,272.8991842351188,False,normal
2026-09-01 11:53:30,/aggregate,280.4398375388202,200,33110,349.36813148820147,False,normal
2026-09-01 11:54:00,/process,344.83461801043615,200,45793,226.29496332010294,False,normal
2026-09-01 11:54:30,/process,96.218684398987,200,4590,331.12249058416074,False,normal
2026-09-01 11:55:00,/export,598.96782837025,200,6032,216.70296736706334,True,latency_spike
2026-09-01 11:55:30,/process,71.7524026700604,504,3639,150.61430719158068,True,error_spike
2026-09-01 11:56:00,/merge,360.54261841974886,200,45268,188.29104067676792,False,normal
2026-09-01 11:56:30,/merge,196.6514854759896,200,22142,258.180269951016,False,normal
2026-09-01 11:57:00,/aggregate,257.47791689139325,400,31850,320.2508648403065,False,normal
2026-09-01 11:57:30,/merge,69.06174087782793,200,6451,300.3533264985846,False,normal
2026-09-01 11:58:00,/aggregate,88.38043576945154,200,1709,331.2629090412282,False,normal
2026-09-01 11:58:30,/process,158.29114131324138,200,14861,225.0029762257128,False,normal
2026-09-01 11:59:00,/aggregate,338.7847742980939,200,40624,204.43107741208402,False,normal
2026-09-01 11:59:30,/process,151.03379535912134,200,9873,221.8556439675703,False,normal
2026-09-01 12:00:00,/process,339.0905260736512,200,41451,331.9652165085497,False,normal
2026-09-01 12:00:30,/process,168.74011936814912,200,15715,178.88220903262996,False,normal
2026-09-01 12:01:00,/export,306.9011801850656,200,36591,96.29048317025973,False,normal
2026-09-01 12:01:30,/process,228.2194840598086,200,22851,185.8275266671923,False,normal
2026-09-01 12:02:00,/process,170.5442985203014,200,16080,255.4307091851233,False,normal
2026-09-01 12:02:30,/export,164.6222719415008,200,15635,304.87073415312483,False,normal
2026-09-01 12:03:00,/process,1003.5795954098592,200,14802,334.59999309676533,True,latency_spike
2026-09-01 12:03:30,/export,172.52890308094237,200,16838,265.6308587619382,False,normal
2026-09-01 12:04:00,/merge,245.25063510331483,200,25332,299.5931831599789,False,normal
2026-09-01 12:04:30,/aggregate,189.76367429014869,200,24349,299.3488958915,False,normal
2026-09-01 12:05:00,/aggregate,281.8913304034449,200,33336,298.37923089619346,False,normal
2026-09-01 12:05:30,/process,283.38601741909406,200,34168,241.84285140884788,False,normal
2026-09-01 12:06:00,/process,180.89338418278624,200,19274,335.11910840553924,False,normal
2026-09-01 12:06:30,/process,254.827185020649,200,2195,320.7015518210174,True,latency_spike
2026-09-01 12:07:00,/process,249.50129740489334,200,26864,82.08931099841134,False,normal
2026-09-01 12:07:30,/aggregate,386.927448360413,200,49875,112.76217850973374,False,normal
2026-09-01 12:08:00,/export,367.0029885201072,200,45703,347.91409651291366,False,normal
2026-09-01 12:08:30,/aggregate,194.10889197750615,200,21597,259.9198449248644,False,normal
2026-09-01 12:09:00,/export,349.8114287867809,200,46339,117.82195787954396,False,normal
2026-09-01 12:09:30,/merge,366.90931134643506,200,46159,325.9536668522777,False,normal
2026-09-01 12:10:00,/process,151.61998553690012,200,18394,104.0949191909728,False,normal
2026-09-01 12:10:30,/aggregate,39.578881694195516,200,461,225.1945063917638,False,normal
2026-09-01 12:11:00,/process,242.51934602558447,200,28108,184.6494411559655,False,normal
2026-09-01 12:11:30,/process,71.19876824699249,200,2968,157.8761952563606,False,normal
2026-09-01 12:12:00,/export,317.16874180423184,200,37978,144.5753656749722,False,normal
2026-09-01 12:12:30,/process,83.75832436419951,200,5047,103.41384449213834,False,normal
2026-09-01 12:13:00,/process,142.5711701415065,200,8573,181.8353499424088,False,normal
2026-09-01 12:13:30,/process,376.5410753599285,200,45645,107.05810047492781,False,normal
2026-09-01 12:14:00,/aggregate,231.85949116510366,200,28527,1184.3166112374836,True,memory_spike
2026-09-01 12:14:30,/aggregate,185.92586719209382,200,20659,166.80577528595154,False,normal
2026-09-01 12:15:00,/process,87.17828154374072,200,6649,287.0675933627904,False,normal
2026-09-01 12:15:30,/merge,344.1738841350075,200,42334,333.1318792131733,False,normal
2026-09-01 12:16:00,/process,216.69829172203524,200,25036,319.48081497499635,False,normal
2026-09-01 12:16:30,/merge,280.99363392223,200,34761,279.6681704942405,False,normal
2026-09-01 12:17:00,/aggregate,92.27933137321256,200,2435,290.7293026273526,False,normal
2026-09-01 12:17:30,/aggregate,82.52533491706237,200,4481,104.85141223298258,False,normal
2026-09-01 12:18:00,/aggregate,288.1739120586047,200,34676,342.5131623422157,False,normal
2026-09-01 12:18:30,/aggregate,173.75158293532635,200,18148,235.5608794431339,False,normal
2026-09-01 12:19:00,/export,317.58092838526994,200,38619,226.64466470644297,False,normal
2026-09-01 12:19:30,/merge,187.8737780341841,200,16640,261.9939337879068,False,normal
2026-09-01 12:20:00,/process,154.41177042391772,200,13819,130.59984461596483,False,normal
2026-09-01 12:20:30,/aggregate,226.308414789512,200,22708,206.8916542439893,False,normal
2026-09-01 12:21:00,/process,43.011793498729176,200,5611,112.9154346537408,False,normal
2026-09-01 12:21:30,/process,319.4078779298464,200,37715,328.0600615023202,False,normal
2026-09-01 12:22:00,/process,284.5069734324815,200,31158,214.94985162620654,False,normal
2026-09-01 12:22:30,/process,110.02059292341639,200,4272,115.7670492264736,False,normal
2026-09-01 12:23:00,/export,377.04698209573337,200,46584,341.8484031469576,False,normal
2026-09-01 12:23:30,/merge,349.0418574384905,200,46325,236.80383410366278,False,normal
2026-09-01 12:24:00,/merge,303.31289045359216,500,34851,283.8980802830965,True,error_spike
2026-09-01 12:24:30,/aggregate,208.71074842397985,200,23882,296.85652625663516,False,normal
2026-09-01 12:25:00,/process,184.95450194161563,200,23044,267.90859616979594,False,normal
2026-09-01 12:25:30,/process,169.70879374570347,200,18352,199.7842524992724,False,normal
2026-09-01 12:26:00,/aggregate,277.08999462899766,200,30103,155.71186651167176,False,normal
2026-09-01 12:26:30,/process,312.9635561521437,200,34915,93.91572866049192,False,normal
2026-09-01 12:27:00,/aggregate,363.6439052640221,200,43184,1014.9348313647816,True,memory_spike
2026-09-01 12:27:30,/merge,132.0932106936145,200,13897,109.72817528128905,False,normal
2026-09-01 12:28:00,/process,2359.0963611971224,400,39921,179.70004138464896,True,latency_spike
2026-09-01 12:28:30,/process,282.56445273288773,200,35652,320.1878544116729,False,normal
2026-09-01 12:29:00,/aggregate,278.20902421830596,200,32690,324.0990883118184,False,normal
2026-09-01 12:29:30,/aggregate,174.859505933183,200,20855,301.95145837365567,False,normal
2026-09-01 12:30:00,/aggregate,402.9709516861313,200,47523,132.16868451882402,False,normal
2026-09-01 12:30:30,/merge,224.96526942152235,200,23960,334.21410496491075,False,normal
2026-09-01 12:31:00,/process,204.01577709284828,200,20019,117.81903836876094,False,normal
2026-09-01 12:31:30,/process,118.67106265327794,200,9536,327.9662143467379,False,normal
2026-09-01 12:32:00,/process,196.57375032899728,200,21004,282.16886432564695,False,normal
2026-09-01 12:32:30,/process,124.85569510010258,200,10238,342.11542295949624,False,normal
2026-09-01 12:33:00,/merge,124.14438895219757,200,14556,345.7282762173337,False,normal
2026-09-01 12:33:30,/export,367.0740203413718,400,43083,221.76744739786886,False,normal
2026-09-01 12:34:00,/aggregate,326.2336654084861,200,37421,164.28805536667724,False,normal
2026-09-01 12:34:30,/process,246.70987160318282,200,28858,327.94501161355277,False,normal
2026-09-01 12:35:00,/process,383.9849924071226,200,47654,164.64677802833313,False,normal
2026-09-01 12:35:30,/merge,203.29120376668746,200,21171,169.8231999176021,False,normal
2026-09-01 12:36:00,/export,212.65822583017473,200,19786,233.62405206441332,False,normal
2026-09-01 12:36:30,/aggregate,328.47757660523285,200,38770,118.2780458603767,False,normal
2026-09-01 12:37:00,/process,127.56564269494088,200,10902,203.1413848022611,False,normal
2026-09-01 12:37:30,/process,362.2811002741681,200,45614,117.1837889978197,False,normal
2026-09-01 12:38:00,/aggregate,41.84122163784167,200,1967,202.33544143579073,False,normal
2026-09-01 12:38:30,/merge,97.87455523327921,200,8027,324.96605585173694,False,normal
2026-09-01 12:39:00,/process,250.45007434464654,200,28392,328.46635490347796,False,normal
2026-09-01 12:39:30,/process,396.15744417617674,200,49900,338.74954603121927,False,normal
2026-09-01 12:40:00,/process,289.31760027149903,200,33934,275.78038546187565,False,normal
2026-09-01 12:40:30,/process,67.46716598689639,200,805,281.5567803218427,False,normal
2026-09-01 12:41:00,/merge,359.27958568568397,200,43156,195.32413439127794,False,normal
2026-09-01 12:41:30,/aggregate,269.9431525993216,200,30736,321.5478247738206,False,normal
2026-09-01 12:42:00,/export,193.3009209472444,200,18970,116.21064916285688,False,normal
2026-09-01 12:42:30,/process,146.25161861905153,200,13255,124.95796571582008,False,normal
2026-09-01 12:43:00,/process,121.16457111774706,200,10136,111.93229052107708,False,normal
2026-09-01 12:43:30,/merge,146.49270865441684,200,12681,190.27606387469712,False,normal
2026-09-01 12:44:00,/aggregate,26.15378598279826,200,198,96.15416790114709,False,normal
2026-09-01 12:44:30,/process,242.96085445355828,200,24783,270.0105501976424,False,normal
2026-09-01 12:45:00,/aggregate,160.4699588901161,400,18445,129.34118132402168,False,normal
2026-09-01 12:45:30,/aggregate,275.0026467331031,200,30250,266.11345344408505,False,normal
2026-09-01 12:46:00,/aggregate,311.9405063492651,400,37292,232.1720553746248,False,normal
2026-09-01 12:46:30,/aggregate,220.62237741749743,200,21899,266.7732420568574,False,normal
2026-09-01 12:47:00,/process,211.78769681782447,200,22935,269.6603990407152,False,normal
2026-09-01 12:47:30,/export,286.6447013905488,200,35727,292.2734474502178,False,normal
2026-09-01 12:48:00,/aggregate,317.61470784475426,200,35827,209.3076847606881,False,normal
2026-09-01 12:48:30,/merge,386.13219206932587,200,47519,234.04008704296973,False,normal
2026-09-01 12:49:00,/aggregate,234.49870010740918,200,25998,147.693176989295,False,normal
2026-09-01 12:49:30,/process,111.63845167597297,200,8526,215.29934088157322,False,normal
2026-09-01 12:50:00,/process,251.07460148422714,200,26473,104.17283582266276,False,normal
2026-09-01 12:50:30,/process,146.70022203462852,200,11955,337.74411704433277,False,normal
2026-09-01 12:51:00,/process,226.23965407721758,200,24576,330.8553802908335,False,normal
2026-09-01 12:51:30,/process,241.11513203848654,200,30517,99.86410875803212,False,normal
2026-09-01 12:52:00,/aggregate,115.36110995649096,200,10094,82.92567879311925,False,normal
2026-09-01 12:52:30,/process,196.3515131771532,200,20571,186.66458865645797,False,normal
2026-09-01 12:53:00,/process,84.41853756169367,200,960,222.23040613057935,False,normal
2026-09-01 12:53:30,/merge,167.40542433849492,200,15837,209.38005321886519,False,normal
2026-09-01 12:54:00,/process,383.21967391000436,200,47688,171.11618515044262,False,normal
2026-09-01 12:54:30,/process,245.64639881342862,200,25274,248.05799179521364,False,normal
2026-09-01 12:55:00,/merge,235.32886549002578,200,26601,188.14978804240047,False,normal
2026-09-01 12:55:30,/aggregate,294.4803946463976,200,34872,189.6155457596717,False,normal
2026-09-01 12:56:00,/aggregate,364.0473451649353,200,44413,88.73225770149918,False,normal
2026-09-01 12:56:30,/process,346.4289400078028,200,45442,240.18955088144412,False,normal
2026-09-01 12:57:00,/aggregate,69.29833056855931,200,590,102.4155566369215,False,normal
2026-09-01 12:57:30,/process,386.5384699951674,200,47049,311.7159388796234,False,normal
2026-09-01 12:58:00,/merge,140.71581178118598,200,13449,208.90149859373145,False,normal
2026-09-01 12:58:30,/merge,320.6393527852858,200,40994,175.7250620523789,False,normal
2026-09-01 12:59:00,/process,88.53151732936755,200,4930,258.50377542234344,False,normal
2026-09-01 12:59:30,/process,193.58507163100177,400,17395,319.0667632684775,False,normal
2026-09-01 13:00:00,/merge,154.14897634243536,200,16135,125.55599802883992,False,normal
2026-09-01 13:00:30,/process,344.33519326359516,200,44205,188.35804267307392,False,normal
2026-09-01 13:01:00,/aggregate,184.04564007690897,200,18131,342.8721510984804,False,normal
2026-09-01 13:01:30,/merge,275.56384756139516,200,35526,313.2581753248378,False,normal
2026-09-01 13:02:00,/merge,155.58325708123525,200,19724,905.3504791509746,True,memory_spike
2026-09-01 13:02:30,/merge,105.81595400978652,200,8807,177.80089602594097,False,normal
2026-09-01 13:03:00,/aggregate,302.0634297984119,200,37368,300.29743337860793,False,normal
2026-09-01 13:03:30,/merge,380.34926471013273,200,47666,102.74021530447035,False,normal
2026-09-01 13:04:00,/aggregate,338.5130937551194,200,42277,112.05150543543174,False,normal
2026-09-01 13:04:30,/process,142.92692264630674,200,12442,234.1920296413966,False,normal
2026-09-01 13:05:00,/aggregate,337.55995278918544,200,41432,233.45389825088438,False,normal
2026-09-01 13:05:30,/process,280.83468212904495,200,34138,233.72318701304133,False,normal
2026-09-01 13:06:00,/merge,217.65967309357706,200,24810,286.5881636123137,False,normal
2026-09-01 13:06:30,/merge,303.629527453445,200,34757,317.9529573427828,False,normal
2026-09-01 13:07:00,/process,271.004354213289,200,29395,187.9780533698153,False,normal
2026-09-01 13:07:30,/process,382.3106247558919,200,45412,167.97791682457122,False,normal
2026-09-01 13:08:00,/process,156.41863332873376,200,13585,309.40275550228995,False,normal
2026-09-01 13:08:30,/aggregate,234.89040855681256,200,33356,146.09563124480607,False,normal
2026-09-01 13:09:00,/export,92.00310637556439,200,8023,316.2789971714785,False,normal
2026-09-01 13:09:30,/export,390.2606531576329,200,49158,270.9067457742491,False,normal
2026-09-01 13:10:00,/export,165.92152455658024,200,15994,308.59880817146484,False,normal
2026-09-01 13:10:30,/merge,48.177128832624,200,3080,252.0224112080289,False,normal
2026-09-01 13:11:00,/aggregate,346.0901883288695,200,39125,108.66523325138317,False,normal
2026-09-01 13:11:30,/process,69.21857474933398,200,1969,272.9839831573164,False,normal
2026-09-01 13:12:00,/process,99.52276712153375,200,8279,213.9716281802469,False,normal
2026-09-01 13:12:30,/process,122.36956573061279,200,9861,129.6082359060433,False,normal
2026-09-01 13:13:00,/merge,170.50548038342276,200,17830,107.5651007491876,False,normal
2026-09-01 13:13:30,/process,241.13285299056804,200,28805,150.99480877339283,False,normal
2026-09-01 13:14:00,/process,261.5918920802994,200,29015,113.8586362435371,False,normal
2026-09-01 13:14:30,/process,192.86329579147488,200,21253,116.62817535591645,False,normal
2026-09-01 13:15:00,/process,338.17358209393524,200,44064,307.75908556358274,False,normal
2026-09-01 13:15:30,/merge,70.89586295441947,200,4217,336.6655952853243,False,normal
2026-09-01 13:16:00,/process,111.99024119322152,200,8972,348.59445732182877,False,normal
2026-09-01 13:16:30,/process,105.97119890877642,200,10180,231.03951128383176,False,normal
2026-09-01 13:17:00,/merge,888.7945191511843,200,8159,232.82558574145415,True,latency_spike
2026-09-01 13:17:30,/merge,1143.2585541883764,200,29004,96.08235680413482,True,latency_spike
2026-09-01 13:18:00,/aggregate,337.8241978878843,200,37221,112.00729784558484,False,normal
2026-09-01 13:18:30,/aggregate,205.6193747003677,200,20183,288.01124331134025,False,normal
2026-09-01 13:19:00,/process,212.4048016757744,504,25086,234.1422380970476,True,error_spike
2026-09-01 13:19:30,/merge,320.24710123738174,200,38195,233.00536228092514,False,normal
2026-09-01 13:20:00,/merge,343.93924870771644,200,39325,283.39123967908586,False,normal
2026-09-01 13:20:30,/aggregate,211.88053667750572,200,23401,299.5720257949106,False,normal
2026-09-01 13:21:00,/process,289.44612470954246,200,36628,271.75887871687,False,normal
2026-09-01 13:21:30,/process,359.9198404055657,200,43899,82.92137143688515,False,normal
2026-09-01 13:22:00,/process,242.86846354112456,200,23152,226.85326054825688,False,normal
2026-09-01 13:22:30,/process,294.3339154267328,200,37961,305.5889563422157,False,normal
2026-09-01 13:23:00,/process,297.2142016546276,200,33990,301.2961174545321,False,normal
2026-09-01 13:23:30,/aggregate,224.52207304250706,200,24772,336.2026875743285,False,normal
2026-09-01 13:24:00,/aggregate,223.06833578609172,200,24837,220.23692749866825,False,normal
2026-09-01 13:24:30,/process,170.87697843124042,200,17963,220.99859845217287,False,normal
2026-09-01 13:25:00,/process,348.626325642656,200,43204,86.673530708804,False,normal
2026-09-01 13:25:30,/process,141.95180834272023,200,10770,218.44578719484505,False,normal
2026-09-01 13:26:00,/process,160.9760184652973,400,14432,232.2524640137567,False,normal
2026-09-01 13:26:30,/aggregate,138.7637323256685,200,14674,327.8390483203301,False,normal
2026-09-01 13:27:00,/aggregate,140.69694702581177,200,9472,318.9220665262783,False,normal
2026-09-01 13:27:30,/process,156.2849954262337,200,17818,96.85931698712076,False,normal
2026-09-01 13:28:00,/merge,307.4127529522248,200,35207,118.30628260243824,False,normal
2026-09-01 13:28:30,/aggregate,180.6591646774471,200,18125,183.2557919267432,False,normal
2026-09-01 13:29:00,/aggregate,121.39782163686093,200,7484,290.58279029208103,False,normal
2026-09-01 13:29:30,/merge,119.6025907281467,200,9032,124.88159734441072,False,normal
2026-09-01 13:30:00,/merge,226.37837978491868,200,22785,288.9893329113731,False,normal
2026-09-01 13:30:30,/merge,216.67258018619452,200,23713,240.0626804391839,False,normal
2026-09-01 13:31:00,/merge,198.95178640255378,200,19044,316.9297098747178,False,normal
2026-09-01 13:31:30,/aggregate,95.98303516764592,200,5680,172.44034913198192,False,normal
2026-09-01 13:32:00,/merge,253.8639253441217,200,24367,188.64279405544656,False,normal
2026-09-01 13:32:30,/process,344.7218532301249,200,43442,96.25829896934954,False,normal
2026-09-01 13:33:00,/aggregate,225.1155241044506,400,22305,219.86899635475694,False,normal
2026-09-01 13:33:30,/process,1030.69980821604,200,27562,289.1420757832385,True,latency_spike
2026-09-01 13:34:00,/process,300.1572467071549,200,35205,218.5796858585224,False,normal
2026-09-01 13:34:30,/process,76.4968685295054,200,4845,220.79273188794286,False,normal
2026-09-01 13:35:00,/process,257.69774478261695,200,28558,327.12454055390464,False,normal
2026-09-01 13:35:30,/process,144.18549639814634,200,16458,287.0063953099405,False,normal
2026-09-01 13:36:00,/aggregate,181.4932079319899,200,21562,164.85952273431508,False,normal
2026-09-01 13:36:30,/merge,151.62222310605165,200,12836,335.08435302592363,False,normal
2026-09-01 13:37:00,/merge,71.31732703776166,200,6221,275.69591786136857,False,normal
2026-09-01 13:37:30,/process,127.89561165542267,200,7892,161.29037569252472,False,normal
2026-09-01 13:38:00,/aggregate,265.5250497532015,200,31220,137.06435686196642,False,normal
2026-09-01 13:38:30,/merge,223.43118253884217,200,24083,262.4305038488609,False,normal
2026-09-01 13:39:00,/process,84.52181594983936,200,4612,216.87465797762707,False,normal
2026-09-01 13:39:30,/process,122.13227818494995,200,9245,241.706110490348,False,normal
2026-09-01 13:40:00,/process,302.81385835259505,200,36555,114.90429233571355,False,normal
2026-09-01 13:40:30,/aggregate,99.28173208549732,200,7668,286.7574883583813,False,normal
2026-09-01 13:41:00,/process,348.25683558411896,200,42718,312.4673891833347,False,normal
2026-09-01 13:41:30,/aggregate,312.87123754493166,200,35144,193.35386248255736,False,normal
2026-09-01 13:42:00,/process,301.505853969347,200,33340,162.25704608375736,False,normal
2026-09-01 13:42:30,/aggregate,220.9887603841492,200,21536,343.2242131979208,False,normal
2026-09-01 13:43:00,/aggregate,116.96450892798674,200,8622,343.2173021300966,False,normal
2026-09-01 13:43:30,/aggregate,283.56868696041386,200,33635,113.6771201728964,False,normal
2026-09-01 13:44:00,/process,185.20920610068606,200,22753,225.95865201466484,False,normal
2026-09-01 13:44:30,/merge,225.6368700974545,200,23551,197.95479673071128,False,normal
2026-09-01 13:45:00,/merge,309.3477731180921,200,35086,155.65454654086813,False,normal
2026-09-01 13:45:30,/merge,987.7415447433241,200,25248,220.1167125757107,True,latency_spike
2026-09-01 13:46:00,/process,83.06206960842172,200,2831,260.39320946851217,False,normal
2026-09-01 13:46:30,/export,179.69615809135263,200,15603,178.98021958248177,False,normal
2026-09-01 13:47:00,/aggregate,272.4289556012708,200,31410,163.0284982621564,False,normal
2026-09-01 13:47:30,/process,216.6061707069761,200,21373,313.0997248643613,False,normal
2026-09-01 13:48:00,/aggregate,122.344041151068,200,9512,257.62452917452407,False,normal
2026-09-01 13:48:30,/aggregate,193.7942718448,200,24096,162.45954702459778,False,normal
2026-09-01 13:49:00,/aggregate,167.9996749365658,200,17706,122.16960593376811,False,normal
2026-09-01 13:49:30,/process,165.29165762399074,200,17185,183.8822419345139,False,normal
2026-09-01 13:50:00,/process,143.34146393890296,200,12036,333.5674094441365,False,normal
2026-09-01 13:50:30,/process,327.49441343870046,200,41328,304.2807144187544,False,normal
2026-09-01 13:51:00,/merge,247.54608116871077,200,28997,136.7114701721673,False,normal
2026-09-01 13:51:30,/aggregate,123.43788390380355,200,12389,243.63733646627693,False,normal
2026-09-01 13:52:00,/process,313.7852774650753,200,37602,81.40661404388163,False,normal
2026-09-01 13:52:30,/aggregate,129.9247330595321,200,11104,324.9312366457857,False,normal
2026-09-01 13:53:00,/process,159.2977019646534,200,13361,334.36548183496654,False,normal
2026-09-01 13:53:30,/process,184.05366257713368,200,17278,138.45250173021023,False,normal
2026-09-01 13:54:00,/export,388.18545754921223,200,47795,172.5069990968995,False,normal
2026-09-01 13:54:30,/process,329.73063605529467,200,39280,161.30265274563607,False,normal
2026-09-01 13:55:00,/aggregate,276.26714610804146,200,31926,130.24452253425574,False,normal
2026-09-01 13:55:30,/process,349.5941251825828,200,42393,264.5305110581007,False,normal
2026-09-01 13:56:00,/process,374.43757864768065,200,42869,181.73869371570242,False,normal
2026-09-01 13:56:30,/export,1527.232373547753,200,28294,81.35676481814434,True,latency_spike
2026-09-01 13:57:00,/export,354.9525260481995,200,43776,139.29236886413514,False,normal
2026-09-01 13:57:30,/process,182.53231397802674,200,18098,258.460665565763,False,normal
2026-09-01 13:58:00,/aggregate,203.46942187231352,200,19338,269.4559852445251,False,normal
2026-09-01 13:58:30,/process,262.0663514885197,200,32475,84.4691208839987,False,normal
2026-09-01 13:59:00,/process,395.2706565489363,504,48416,228.49324367395474,True,error_spike
2026-09-01 13:59:30,/aggregate,353.4648809272733,200,41340,252.46037788944045,False,normal
2026-09-01 14:00:00,/merge,381.9803948894512,200,48215,251.96724406861213,False,normal
2026-09-01 14:00:30,/merge,108.06415159584019,200,12220,255.8861559610305,False,normal
2026-09-01 14:01:00,/aggregate,199.96898307886192,200,22030,290.66857132929863,False,normal
2026-09-01 14:01:30,/process,267.01435682520383,200,33410,170.5097473139248,False,normal
2026-09-01 14:02:00,/process,387.64582617754064,200,46675,309.7679711603697,False,normal
2026-09-01 14:02:30,/aggregate,287.04770693373774,200,35522,199.234822958104,False,normal
2026-09-01 14:03:00,/merge,397.59011974703157,200,45675,96.33173446423181,False,normal
2026-09-01 14:03:30,/process,190.29024336477443,200,19573,255.87771304761827,False,normal
2026-09-01 14:04:00,/aggregate,257.8259779113854,200,31250,172.52161261142209,False,normal
2026-09-01 14:04:30,/merge,94.86994055751276,200,7326,251.49287730772642,False,normal
2026-09-01 14:05:00,/process,123.52734436409612,200,12679,180.7771871714,False,normal
2026-09-01 14:05:30,/process,269.8770039338437,200,30411,214.4298062911175,False,normal
2026-09-01 14:06:00,/process,158.56075532216866,200,12148,229.94827794388937,False,normal
2026-09-01 14:06:30,/export,122.0334010450801,200,10587,271.1761575651019,False,normal
2026-09-01 14:07:00,/process,103.19378386432977,200,5452,160.0038234261978,False,normal
2026-09-01 14:07:30,/process,166.26255855032025,200,18463,260.8394722295353,False,normal
2026-09-01 14:08:00,/aggregate,153.6799270923941,200,13986,142.90651509578336,False,normal
2026-09-01 14:08:30,/aggregate,276.61937892658887,200,27272,293.583082404745,False,normal
2026-09-01 14:09:00,/process,233.3385808483342,200,29038,142.4574872000694,False,normal
2026-09-01 14:09:30,/merge,406.6073634893726,200,48138,99.40160269425704,False,normal
2026-09-01 14:10:00,/process,283.15783737188895,200,30628,90.36398276326678,False,normal
2026-09-01 14:10:30,/merge,74.83358500454584,200,7411,241.61762426086497,False,normal
2026-09-01 14:11:00,/process,175.76550871620145,200,20875,167.2310417760384,False,normal
2026-09-01 14:11:30,/merge,62.9527351012307,200,3777,235.1332176608913,False,normal
2026-09-01 14:12:00,/process,256.4995572195718,200,27259,163.89578709608412,False,normal
2026-09-01 14:12:30,/merge,233.6446013759127,200,26989,198.67081975566134,False,normal
2026-09-01 14:13:00,/merge,347.67567827918555,200,42719,314.94497908007463,False,normal
2026-09-01 14:13:30,/process,2830.9839712117923,200,47159,329.3559252962401,True,latency_spike
2026-09-01 14:14:00,/process,380.1006213003757,200,46740,91.63722856085198,False,normal
2026-09-01 14:14:30,/aggregate,71.37172255187588,200,2405,336.0152817581222,False,normal
2026-09-01 14:15:00,/aggregate,61.59039898691085,200,2180,216.3121967002332,False,normal
2026-09-01 14:15:30,/aggregate,292.99703025651877,200,32141,279.6975239650999,False,normal
2026-09-01 14:16:00,/merge,373.69274973827953,200,47745,330.97254903463016,False,normal
2026-09-01 14:16:30,/aggregate,86.49745760693327,200,1461,130.86359486771636,False,normal
2026-09-01 14:17:00,/aggregate,326.3036070062776,200,40033,183.1633062513807,False,normal
2026-09-01 14:17:30,/aggregate,232.3530229646124,200,27597,319.5286326831769,False,normal
2026-09-01 14:18:00,/aggregate,258.2234965427595,200,28198,220.22810705600227,False,normal
2026-09-01 14:18:30,/aggregate,100.22267850787026,200,6046,322.3150380390855,False,normal
2026-09-01 14:19:00,/process,191.39587253943154,200,24281,306.2578419976037,False,normal
2026-09-01 14:19:30,/process,285.37902732020274,200,32990,349.60029279453676,False,normal
2026-09-01 14:20:00,/process,278.0619558041858,200,35312,258.4128342187148,False,normal
2026-09-01 14:20:30,/process,165.47327153682033,200,18113,98.09613355340903,False,normal
2026-09-01 14:21:00,/merge,304.6811006039418,200,34537,323.71489141951776,False,normal
2026-09-01 14:21:30,/process,267.5221462114342,200,32763,129.97253140234895,False,normal
2026-09-01 14:22:00,/process,309.7160232053292,200,36182,122.31998383045601,False,normal
2026-09-01 14:22:30,/aggregate,136.31417401242308,200,12986,179.62321139945868,False,normal
2026-09-01 14:23:00,/process,406.69011782313584,200,46656,135.8750350965518,False,normal
2026-09-01 14:23:30,/process,76.52252381515278,200,3838,117.66130399135093,False,normal
2026-09-01 14:24:00,/process,44.94598069983857,200,1640,252.30364146982313,False,normal
2026-09-01 14:24:30,/aggregate,98.73987484904856,200,9175,325.7023214121349,False,normal
2026-09-01 14:25:00,/aggregate,61.732233399180906,200,3463,151.18140028820756,False,normal
2026-09-01 14:25:30,/export,149.35553333974687,200,13768,180.98920953290053,False,normal
2026-09-01 14:26:00,/merge,233.55451655079887,200,26077,253.13606183057806,False,normal
2026-09-01 14:26:30,/aggregate,123.83834387014231,200,8321,160.99122844850064,False,normal
2026-09-01 14:27:00,/aggregate,160.42120290833407,200,15267,213.17661203495734,False,normal
2026-09-01 14:27:30,/aggregate,122.97333884628331,200,10001,326.4403166502858,False,normal
2026-09-01 14:28:00,/process,359.7718043656576,200,43412,111.59434772197028,False,normal
2026-09-01 14:28:30,/export,239.8574079225174,200,27254,224.38360501961935,False,normal
2026-09-01 14:29:00,/process,270.04088801827004,200,30663,137.53463152013245,False,normal
2026-09-01 14:29:30,/process,216.3215846061886,200,21938,288.793180429415,False,normal
2026-09-01 14:30:00,/aggregate,257.76618094002265,200,27859,136.20921590496295,False,normal
2026-09-01 14:30:30,/aggregate,331.7943582992141,200,41282,298.9104128882153,False,normal
2026-09-01 14:31:00,/process,369.7970859354278,200,49332,188.78208107164164,False,normal
2026-09-01 14:31:30,/export,213.37929155325617,200,24931,331.31467885076677,False,normal
2026-09-01 14:32:00,/aggregate,219.46796739178447,200,23466,177.98603979559283,False,normal
2026-09-01 14:32:30,/aggregate,202.7906436669423,200,27021,213.11572332694027,False,normal
2026-09-01 14:33:00,/process,226.19542284853102,200,26052,108.80793116521046,False,normal
2026-09-01 14:33:30,/merge,306.4411605319242,200,35535,154.85452577609632,False,normal
2026-09-01 14:34:00,/process,119.59886507542248,200,11015,192.1942312698593,False,normal
2026-09-01 14:34:30,/process,332.9683082572335,200,42685,321.0601521580004,False,normal
2026-09-01 14:35:00,/merge,99.4153358016077,200,3167,238.34262117664673,False,normal
2026-09-01 14:35:30,/export,276.6366086374281,200,29276,298.59907978999706,False,normal
2026-09-01 14:36:00,/export,3038.5221713449623,200,48607,310.419222015431,True,latency_spike
2026-09-01 14:36:30,/merge,84.31738977919348,200,1937,104.3334260761443,False,normal
2026-09-01 14:37:00,/process,381.2681069283901,200,44411,165.01816939135222,False,normal
2026-09-01 14:37:30,/process,195.05684214572247,200,23014,304.7014960530675,False,normal
2026-09-01 14:38:00,/aggregate,386.8060423523754,200,42243,284.0423750715472,False,normal
2026-09-01 14:38:30,/process,48.80873618643154,200,1710,232.2867598724964,False,normal
2026-09-01 14:39:00,/export,352.54657343516425,200,43658,189.03686655199695,False,normal
2026-09-01 14:39:30,/process,246.42827158836394,200,30283,214.69014253450922,False,normal
2026-09-01 14:40:00,/process,292.2349102877256,200,34314,84.01649550117878,False,normal
2026-09-01 14:40:30,/process,54.5572921960176,200,3345,114.72755717934783,False,normal
2026-09-01 14:41:00,/process,190.15541045739872,200,19915,176.08889658544376,False,normal
2026-09-01 14:41:30,/aggregate,256.2686370421189,200,27026,117.83330052027466,False,normal
2026-09-01 14:42:00,/process,130.8491365263313,200,10972,142.18833263329776,False,normal
2026-09-01 14:42:30,/merge,99.93739210842936,200,7581,297.75726376568343,False,normal
2026-09-01 14:43:00,/aggregate,306.0629571684599,200,33150,287.404680447655,False,normal
2026-09-01 14:43:30,/process,336.9060386581407,502,42790,277.3339295172493,True,error_spike
2026-09-01 14:44:00,/merge,132.25036740123244,200,9559,232.92019227863665,False,normal
2026-09-01 14:44:30,/merge,79.91129337113657,200,4805,328.8803941345329,False,normal
2026-09-01 14:45:00,/process,146.2915712415721,200,13179,533.8201405274913,True,memory_spike
2026-09-01 14:45:30,/merge,282.3005878629908,200,33005,247.52487234662547,False,normal
2026-09-01 14:46:00,/export,226.5304157885416,200,24832,193.6144076915647,False,normal
2026-09-01 14:46:30,/aggregate,296.513160561826,200,35219,1564.7822987965212,True,memory_spike
2026-09-01 14:47:00,/process,367.466136134459,200,46918,172.7403393525305,False,normal
2026-09-01 14:47:30,/export,139.0514381864287,200,13831,144.32435998571486,False,normal
2026-09-01 14:48:00,/export,291.0058653522794,200,33376,287.3627059232635,False,normal
2026-09-01 14:48:30,/process,256.8759322198899,200,29679,298.7687345307014,False,normal
2026-09-01 14:49:00,/process,332.95162684820207,400,42809,274.0755924322292,False,normal
2026-09-01 14:49:30,/merge,156.07694441142627,200,16562,291.521299348076,False,normal
2026-09-01 14:50:00,/aggregate,80.20679708086047,200,5698,131.83595121261334,False,normal
2026-09-01 14:50:30,/process,141.02175062997873,200,13021,243.33165939179088,False,normal
2026-09-01 14:51:00,/aggregate,280.56627059448834,200,638,225.02507530432842,True,latency_spike
2026-09-01 14:51:30,/process,143.4326344051577,200,13056,325.57287118576346,False,normal
2026-09-01 14:52:00,/export,338.72268671922376,200,42552,187.29723603549368,False,normal
2026-09-01 14:52:30,/process,57.148763945155,200,890,146.33815574881305,False,normal
2026-09-01 14:53:00,/process,93.1982669988912,200,9012,163.00150098520174,False,normal
2026-09-01 14:53:30,/process,243.13146784051764,200,33679,218.2649623825194,False,normal
2026-09-01 14:54:00,/process,134.40445566157226,200,12087,345.47597280037104,False,normal
2026-09-01 14:54:30,/export,51.59170915005181,200,3684,268.444310136697,False,normal
2026-09-01 14:55:00,/process,220.52923654913147,200,26305,274.41615050904875,False,normal
2026-09-01 14:55:30,/aggregate,102.00422084325302,200,9930,206.03939129844804,False,normal
2026-09-01 14:56:00,/export,296.92338550881635,200,33847,187.09936519117178,False,normal
2026-09-01 14:56:30,/process,63.468763280291455,200,4438,331.5006958439286,False,normal
2026-09-01 14:57:00,/process,69.53420712877818,200,2124,201.63492623764193,False,normal
2026-09-01 14:57:30,/merge,324.81019944003714,200,40233,113.87923358712203,False,normal
2026-09-01 14:58:00,/process,1444.4036042752782,200,30853,290.60706806303125,True,latency_spike
2026-09-01 14:58:30,/export,212.50429867138314,200,26521,134.48481977827595,False,normal
2026-09-01 14:59:00,/merge,264.2661927940433,200,29555,571.0232593176484,True,memory_spike
2026-09-01 14:59:30,/process,220.17784215648385,200,23421,245.25731429570862,False,normal
2026-09-01 15:00:00,/aggregate,259.98357872891125,200,28279,304.6272802621353,False,normal
2026-09-01 15:00:30,/aggregate,282.32362244891095,200,29207,81.83711640996322,False,normal
2026-09-01 15:01:00,/aggregate,94.26281994057379,200,5685,256.059994161721,False,normal
2026-09-01 15:01:30,/process,337.6171158620873,200,40432,116.78163555180805,False,normal
2026-09-01 15:02:00,/process,280.522740970324,200,33145,250.4314903285263,False,normal
2026-09-01 15:02:30,/process,270.61593378349517,200,31241,243.31790760675514,False,normal
2026-09-01 15:03:00,/process,391.3595952288465,200,49469,219.43975608062573,False,normal
2026-09-01 15:03:30,/process,216.8859811551467,200,25712,932.1359492820802,True,memory_spike
2026-09-01 15:04:00,/export,395.13582714218296,200,44990,226.0390773769574,False,normal
2026-09-01 15:04:30,/merge,132.44159251744628,200,15726,338.4173373062469,False,normal
2026-09-01 15:05:00,/process,82.51395400014265,200,4062,175.09450712047578,False,normal
2026-09-01 15:05:30,/aggregate,238.0933727082502,200,25885,207.26657736323997,False,normal
2026-09-01 15:06:00,/aggregate,350.230220517221,200,42533,119.78529041621887,False,normal
2026-09-01 15:06:30,/process,381.3476574075522,200,49363,184.9045029818118,False,normal
2026-09-01 15:07:00,/process,277.2015201649895,200,32837,93.96858299545575,False,normal
2026-09-01 15:07:30,/export,243.03345285197818,400,28536,325.57208021287124,False,normal
2026-09-01 15:08:00,/process,340.70131383706996,200,43805,173.23291429635788,False,normal
2026-09-01 15:08:30,/aggregate,216.84717238991468,200,23911,333.164380335074,False,normal
2026-09-01 15:09:00,/export,341.35989511553174,200,42475,116.48052545257715,False,normal
2026-09-01 15:09:30,/process,352.82462949727386,200,44425,258.5924478930022,False,normal
2026-09-01 15:10:00,/merge,347.91954346670013,200,41080,242.6920257226114,False,normal
2026-09-01 15:10:30,/process,53.95687179144964,200,2821,258.5181522549692,False,normal
2026-09-01 15:11:00,/merge,145.064748999358,200,12626,294.67743213760207,False,normal
2026-09-01 15:11:30,/merge,63.70555363447488,200,3257,100.14619941882744,False,normal
2026-09-01 15:12:00,/merge,218.66602225176004,200,23173,279.61082024933296,False,normal
2026-09-01 15:12:30,/export,327.5072673494556,200,39490,87.03780320626912,False,normal
2026-09-01 15:13:00,/merge,375.57922974490845,200,45992,161.38449437085984,False,normal
2026-09-01 15:13:30,/export,365.1174784714199,200,47113,308.7837050703905,False,normal
2026-09-01 15:14:00,/process,60.585193140466714,200,3172,233.99687171765655,False,normal
2026-09-01 15:14:30,/aggregate,55.62807381090866,502,2639,331.36016067506694,True,error_spike
2026-09-01 15:15:00,/process,240.7534332036792,200,26882,312.7430572625682,False,normal
2026-09-01 15:15:30,/process,70.25758977278211,200,1300,194.2771595315935,False,normal
2026-09-01 15:16:00,/aggregate,347.6354586766325,200,40216,156.01495196348412,False,normal
2026-09-01 15:16:30,/merge,46.544724180022776,200,586,135.00326600127065,False,normal
2026-09-01 15:17:00,/merge,232.69006630327723,200,25926,91.41839652113711,False,normal
2026-09-01 15:17:30,/process,227.92619781638305,200,28890,273.4060313457645,False,normal
2026-09-01 15:18:00,/export,165.88458938357903,200,21312,297.6326286049303,False,normal
2026-09-01 15:18:30,/process,85.7520042241959,200,6974,92.87886787083657,False,normal
2026-09-01 15:19:00,/process,321.96076461899696,200,40291,212.75215551327682,False,normal
2026-09-01 15:19:30,/merge,223.39925503214235,200,28110,304.3089869975982,False,normal
2026-09-01 15:20:00,/merge,285.27751830752374,200,37433,252.6547111873861,False,normal
2026-09-01 15:20:30,/merge,290.4105664615948,200,33223,192.48610501267643,False,normal
2026-09-01 15:21:00,/process,222.1958778876177,200,26339,336.3390281426132,False,normal
2026-09-01 15:21:30,/aggregate,30.80229363688033,200,875,194.13857713014113,False,normal
2026-09-01 15:22:00,/merge,241.47843122562324,200,22415,164.32771934268965,False,normal
2026-09-01 15:22:30,/process,357.0102087772127,200,43518,214.25415831360192,False,normal
2026-09-01 15:23:00,/merge,121.32992771563191,200,10899,173.64192424923343,False,normal
2026-09-01 15:23:30,/merge,148.84168404901516,200,12703,185.86805812427855,False,normal
2026-09-01 15:24:00,/aggregate,352.2714749458763,200,44839,214.18633110691158,False,normal
2026-09-01 15:24:30,/merge,267.70919394490204,200,27743,100.92303676294716,False,normal
2026-09-01 15:25:00,/process,242.16481137125237,200,30779,242.94692609135052,False,normal
2026-09-01 15:25:30,/merge,154.41612793149832,200,17749,237.28404824493347,False,normal
2026-09-01 15:26:00,/aggregate,142.40092104497936,200,13535,272.1208594222186,False,normal
2026-09-01 15:26:30,/process,158.85317916859015,200,17229,145.5891144704869,False,normal
2026-09-01 15:27:00,/aggregate,409.272054800656,200,48356,91.05856317486086,False,normal
2026-09-01 15:27:30,/aggregate,167.28191903262254,200,20227,271.11957223700693,False,normal
2026-09-01 15:28:00,/aggregate,236.05044624571053,200,28190,179.6122845002016,False,normal
2026-09-01 15:28:30,/process,55.194560003942875,200,285,241.34809258842245,False,normal
2026-09-01 15:29:00,/export,358.2750101511374,200,42891,153.1113896930889,False,normal
2026-09-01 15:29:30,/export,215.07203217180137,200,21496,174.08433794180235,False,normal
2026-09-01 15:30:00,/process,318.5768256547646,200,37692,151.00120463033983,False,normal
2026-09-01 15:30:30,/export,175.80812391081534,400,13324,213.01845519985216,False,normal
2026-09-01 15:31:00,/aggregate,265.56573313542503,200,31869,254.90007996315984,False,normal
2026-09-01 15:31:30,/process,177.72158421709636,200,17934,143.5563092440757,False,normal
2026-09-01 15:32:00,/merge,173.83521778655455,200,15926,165.34174052199052,False,normal
2026-09-01 15:32:30,/aggregate,102.40494509822805,200,8228,204.85215477307528,False,normal
2026-09-01 15:33:00,/merge,291.14127819555904,200,35143,268.0338532597266,False,normal
2026-09-01 15:33:30,/merge,160.23894136478233,200,16810,179.66753513643698,False,normal
2026-09-01 15:34:00,/aggregate,82.15730460315075,200,6041,96.80399208680791,False,normal
2026-09-01 15:34:30,/process,277.61402470597335,200,35001,220.10420109504085,False,normal
2026-09-01 15:35:00,/merge,284.0936320309591,200,34702,202.6363671785387,False,normal
2026-09-01 15:35:30,/aggregate,370.63326224468267,200,49190,349.18479874016225,False,normal
2026-09-01 15:36:00,/export,364.4153733203789,200,44184,236.6392846281472,False,normal
2026-09-01 15:36:30,/process,95.18552512148652,200,9936,92.47049062645625,False,normal
2026-09-01 15:37:00,/merge,98.90840398749393,200,2660,253.84012497544475,False,normal
2026-09-01 15:37:30,/merge,378.2528653591274,200,43347,102.37006806942439,False,normal
2026-09-01 15:38:00,/process,404.95871616518536,200,48434,180.5657308161011,False,normal
2026-09-01 15:38:30,/aggregate,261.66505341025106,200,30776,89.47501771284004,False,normal
2026-09-01 15:39:00,/process,255.21190578950348,200,30658,242.22287411504803,False,normal
2026-09-01 15:39:30,/process,103.64937328231552,200,5140,126.65347911405345,False,normal
2026-09-01 15:40:00,/process,1760.8867092733162,200,27509,334.95410019615156,True,latency_spike
2026-09-01 15:40:30,/process,63.54739874974875,200,833,132.21384741792298,False,normal
2026-09-01 15:41:00,/process,308.2535638839137,200,38524,341.3882833215037,False,normal
2026-09-01 15:41:30,/merge,374.7561341004192,200,44212,326.72878230423294,False,normal
2026-09-01 15:42:00,/aggregate,45.770408371846116,400,1199,219.85856129874995,False,normal
2026-09-01 15:42:30,/aggregate,133.37150910390102,200,11779,205.32677560239728,False,normal
2026-09-01 15:43:00,/process,368.6025308402255,200,49307,185.04796501223012,False,normal
2026-09-01 15:43:30,/process,77.32183426006611,200,5401,282.2331282656707,False,normal
2026-09-01 15:44:00,/merge,334.53968857196264,200,39679,130.74299650651704,False,normal
2026-09-01 15:44:30,/aggregate,272.2451177738462,200,32812,175.71424569774706,False,normal
2026-09-01 15:45:00,/aggregate,269.5070377692011,200,32414,95.84717125409755,False,normal
2026-09-01 15:45:30,/aggregate,308.5797430457908,200,35359,195.37946632015954,False,normal
2026-09-01 15:46:00,/aggregate,147.1591723633343,200,14140,131.6646262157984,False,normal
2026-09-01 15:46:30,/merge,381.16363599229396,200,44763,328.2791654363506,False,normal
2026-09-01 15:47:00,/process,182.93451512394114,200,24255,201.64670842605543,False,normal
2026-09-01 15:47:30,/aggregate,233.2016198878686,400,25065,140.16420217911528,False,normal
2026-09-01 15:48:00,/aggregate,318.5063529524865,200,37383,153.88261472575624,False,normal
2026-09-01 15:48:30,/process,587.4999219655859,200,15666,128.12386123565392,True,latency_spike
2026-09-01 15:49:00,/export,49.57811624641697,200,2819,104.03067397184245,False,normal
2026-09-01 15:49:30,/aggregate,1247.9667304535756,200,15980,94.38346762574074,True,latency_spike
2026-09-01 15:50:00,/process,256.51330011948016,200,31889,273.453158674762,False,normal
2026-09-01 15:50:30,/merge,111.94071916988622,200,10317,108.32113681404533,False,normal
2026-09-01 15:51:00,/merge,329.2676980972644,200,38729,307.2405366719364,False,normal
2026-09-01 15:51:30,/aggregate,266.8500157406723,200,31798,341.2813235322738,False,normal
2026-09-01 15:52:00,/export,291.79165284308976,200,33635,326.8736804911068,False,normal
2026-09-01 15:52:30,/process,366.0844965582623,200,47119,127.67874888772641,False,normal
2026-09-01 15:53:00,/aggregate,137.28996150030483,200,11948,294.1012184329411,False,normal
2026-09-01 15:53:30,/merge,95.65786000587336,200,4325,241.29405364593305,False,normal
2026-09-01 15:54:00,/export,174.79827048206798,200,17247,335.3541160369739,False,normal
2026-09-01 15:54:30,/aggregate,152.18026717169911,200,19393,159.15971636031495,False,normal
2026-09-01 15:55:00,/aggregate,63.82415610241529,200,698,243.42551435567106,False,normal
2026-09-01 15:55:30,/process,173.6609359000868,200,17655,246.361294209495,False,normal
2026-09-01 15:56:00,/aggregate,383.42077508361115,200,49678,131.20957745815372,False,normal
2026-09-01 15:56:30,/aggregate,98.72645173702821,200,4102,242.06618220764307,False,normal
2026-09-01 15:57:00,/export,348.75623671295614,200,46514,275.80351017758574,False,normal
2026-09-01 15:57:30,/merge,285.6646858271047,200,29781,297.8426169006599,False,normal
2026-09-01 15:58:00,/merge,367.4962255285281,200,46821,311.0686842872475,False,normal
2026-09-01 15:58:30,/export,416.7747247402507,200,49152,87.17766854869919,False,normal
2026-09-01 15:59:00,/process,253.16429938462628,200,29233,284.8061065028779,False,normal
2026-09-01 15:59:30,/merge,126.66724732201557,200,13906,167.59125185557843,False,normal
2026-09-01 16:00:00,/aggregate,327.0096300205437,200,39485,286.66927050700485,False,normal
2026-09-01 16:00:30,/merge,308.82385440995097,200,36382,120.83745675699282,False,normal
2026-09-01 16:01:00,/process,255.09085733724459,200,28258,181.55909420495135,False,normal
2026-09-01 16:01:30,/aggregate,380.3048656171902,200,45038,189.67917823771495,False,normal
2026-09-01 16:02:00,/merge,352.5056348949894,200,45245,267.7778678165039,False,normal
2026-09-01 16:02:30,/process,151.77825491942338,200,13605,246.2629744396555,False,normal
2026-09-01 16:03:00,/process,110.06844959795919,200,7125,299.70959109357574,False,normal
2026-09-01 16:03:30,/aggregate,366.8281763024385,200,45957,81.63238511119633,False,normal
2026-09-01 16:04:00,/merge,45.2183266105008,200,1431,156.79392472061454,False,normal
2026-09-01 16:04:30,/process,297.0049203138913,200,37443,278.6986831257765,False,normal
2026-09-01 16:05:00,/merge,316.306776637198,200,36561,144.66668972284768,False,normal
2026-09-01 16:05:30,/process,287.3374737039997,200,32317,307.80161370935366,False,normal
2026-09-01 16:06:00,/process,206.15741352144138,200,24194,163.83029995262916,False,normal
2026-09-01 16:06:30,/aggregate,97.69335413716128,200,9787,260.0872629070442,False,normal
2026-09-01 16:07:00,/aggregate,260.84018359799137,200,27594,94.91181804058249,False,normal
2026-09-01 16:07:30,/merge,123.57189131610127,200,13942,327.3695409364187,False,normal
2026-09-01 16:08:00,/merge,352.921372721382,200,43052,110.3589540242714,False,normal
2026-09-01 16:08:30,/process,73.31319882175164,200,5167,191.02375654612095,False,normal
2026-09-01 16:09:00,/merge,152.87878525113632,200,18560,185.10503798722493,False,normal
2026-09-01 16:09:30,/aggregate,364.5968507911906,200,44796,161.93023854649647,False,normal
2026-09-01 16:10:00,/process,268.31993726678866,200,31713,224.73745534677795,False,normal
2026-09-01 16:10:30,/merge,353.9244082866428,200,40466,221.64359567205915,False,normal
2026-09-01 16:11:00,/merge,133.03565665580797,200,7135,294.43492046105916,False,normal
2026-09-01 16:11:30,/aggregate,77.29755194046504,504,4420,342.4642204389403,True,error_spike
2026-09-01 16:12:00,/export,238.81937321112292,200,24906,296.19714803839895,False,normal
2026-09-01 16:12:30,/process,250.94686481777399,200,26597,275.30965716504915,False,normal
2026-09-01 16:13:00,/process,329.177003201854,200,41118,133.4118627444016,False,normal
2026-09-01 16:13:30,/merge,111.35282057282305,200,10733,137.30347379307827,False,normal
2026-09-01 16:14:00,/process,271.34958497183754,200,28306,83.35806849972869,False,normal
2026-09-01 16:14:30,/aggregate,311.8374492318991,200,38304,105.09735607761411,False,normal
2026-09-01 16:15:00,/aggregate,210.3384518252048,200,23080,291.36758899038534,False,normal
2026-09-01 16:15:30,/process,245.70876177880388,200,28699,333.09024646290794,True,memory_spike
2026-09-01 16:16:00,/merge,377.24332603547936,200,47153,719.1891528166719,True,memory_spike
2026-09-01 16:16:30,/merge,371.061378561732,200,47274,183.50810610586228,False,normal
2026-09-01 16:17:00,/process,390.9392476655367,200,47229,122.44110480200845,False,normal
2026-09-01 16:17:30,/process,322.596856488662,200,36384,171.69950768072653,False,normal
2026-09-01 16:18:00,/merge,253.2948846169597,200,29958,148.10108866909715,False,normal
2026-09-01 16:18:30,/export,64.42427513264879,200,5124,190.478049859296,False,normal
2026-09-01 16:19:00,/merge,171.79920964867006,400,17412,128.20153504601478,False,normal
2026-09-01 16:19:30,/aggregate,157.86144168394722,200,18701,86.9159188693062,False,normal
2026-09-01 16:20:00,/process,311.7024020771231,200,38870,325.3425912361595,False,normal
2026-09-01 16:20:30,/aggregate,269.5221196660496,200,28856,280.529999918517,False,normal
2026-09-01 16:21:00,/process,166.7367393975872,200,11847,287.9412335096504,False,normal
2026-09-01 16:21:30,/aggregate,373.9726884139722,200,45600,148.77476770191458,False,normal
2026-09-01 16:22:00,/process,61.11096737045277,200,3979,333.6966644878713,False,normal
2026-09-01 16:22:30,/process,191.07321704330266,200,18610,304.9757078092331,False,normal
2026-09-01 16:23:00,/process,221.9991129229893,200,29482,190.2673205180542,False,normal
2026-09-01 16:23:30,/process,105.11458229686193,200,9475,158.14708858683062,False,normal
2026-09-01 16:24:00,/aggregate,113.87735611039489,200,5997,294.1175836188477,False,normal
2026-09-01 16:24:30,/aggregate,159.94049299053384,200,14237,85.62499688171587,False,normal
2026-09-01 16:25:00,/aggregate,108.13683020509998,200,11369,234.54986961329143,False,normal
2026-09-01 16:25:30,/export,111.71201658383566,200,12483,314.3234869910252,False,normal
2026-09-01 16:26:00,/merge,172.82520559754863,200,15843,326.35438930330224,False,normal
2026-09-01 16:26:30,/aggregate,103.11161215269374,200,7809,329.6132479399543,False,normal
2026-09-01 16:27:00,/merge,214.34716814516614,200,24864,195.76619898203194,False,normal
2026-09-01 16:27:30,/aggregate,176.1345068987268,200,17260,84.23783116952887,False,normal
2026-09-01 16:28:00,/merge,189.66769394333124,200,21297,174.41565180752863,False,normal
2026-09-01 16:28:30,/process,108.14981701497531,200,12525,152.99047335073033,False,normal
2026-09-01 16:29:00,/aggregate,312.05860443664585,200,35833,236.17329793422903,False,normal
2026-09-01 16:29:30,/export,218.49043346863135,200,25572,275.75794163319165,False,normal
2026-09-01 16:30:00,/aggregate,230.0462913805675,200,27980,344.5834229035664,False,normal
2026-09-01 16:30:30,/aggregate,342.31605371801226,200,44723,166.18151615721337,False,normal
2026-09-01 16:31:00,/merge,312.3520785666059,200,37066,177.97388342391548,False,normal
2026-09-01 16:31:30,/process,371.1859299286595,200,47720,103.34147561552554,False,normal
2026-09-01 16:32:00,/merge,76.8934491500072,200,2631,304.9086475910448,False,normal
2026-09-01 16:32:30,/process,646.0416155194952,200,8055,214.6382928799801,True,latency_spike
2026-09-01 16:33:00,/process,351.35200931931223,200,40866,142.95593666606197,False,normal
2026-09-01 16:33:30,/process,242.99101360570694,200,28514,215.73961541560232,False,normal
2026-09-01 16:34:00,/process,385.3421073512279,200,49420,210.88548682258593,False,normal
2026-09-01 16:34:30,/export,255.8404423931772,200,33725,300.68332695744834,False,normal
2026-09-01 16:35:00,/process,324.8941173286227,200,41733,141.97965606726336,False,normal
2026-09-01 16:35:30,/process,113.88111268943025,200,7710,216.85817880255814,False,normal
2026-09-01 16:36:00,/aggregate,122.15432712136459,200,3913,200.1269080152734,False,normal
2026-09-01 16:36:30,/merge,216.93329315835513,200,26636,107.09244427881343,False,normal
2026-09-01 16:37:00,/merge,221.83669353518206,200,26880,117.2655003993548,False,normal
2026-09-01 16:37:30,/process,124.78118755181197,200,10082,145.00455964999404,False,normal
2026-09-01 16:38:00,/process,363.65860438381895,200,43910,197.37363559439424,False,normal
2026-09-01 16:38:30,/merge,166.93012788162278,200,18267,229.98263191915206,False,normal
2026-09-01 16:39:00,/process,200.8905228146541,200,21507,281.22047456627365,False,normal
2026-09-01 16:39:30,/process,139.02229063048858,200,16264,325.73036896162273,False,normal
2026-09-01 16:40:00,/process,221.66893186691448,200,25278,104.71345316883918,False,normal
2026-09-01 16:40:30,/aggregate,347.9742778962305,200,40766,342.86926537731944,False,normal
2026-09-01 16:41:00,/export,232.02555252512164,200,22638,191.408358912331,False,normal
2026-09-01 16:41:30,/merge,129.14431062442912,200,11782,290.7759137764212,False,normal
2026-09-01 16:42:00,/aggregate,279.1732513352309,200,33410,169.6850832642857,False,normal
2026-09-01 16:42:30,/aggregate,245.2762313895011,200,27050,277.1494029658385,False,normal
2026-09-01 16:43:00,/aggregate,133.0426844999515,200,9621,265.1004131903177,False,normal
2026-09-01 16:43:30,/aggregate,261.6935333832201,200,29321,85.18900507933915,False,normal
2026-09-01 16:44:00,/process,119.50081254094253,200,11647,315.33736488069735,False,normal
2026-09-01 16:44:30,/process,170.41912476587925,504,16560,91.81473048463627,True,error_spike
2026-09-01 16:45:00,/process,112.85313898448538,200,7033,212.97592989585002,False,normal
2026-09-01 16:45:30,/merge,363.88855458576694,200,46478,138.66314657352183,False,normal
2026-09-01 16:46:00,/aggregate,279.3183039751579,200,35725,239.75654657771958,False,normal
2026-09-01 16:46:30,/merge,173.4931684742031,200,16673,508.52601605989435,True,memory_spike
2026-09-01 16:47:00,/process,259.59579750914685,200,29278,244.46725256059196,False,normal
2026-09-01 16:47:30,/export,178.24306013198017,200,16376,287.87880859251743,False,normal
2026-09-01 16:48:00,/process,383.4470253969223,200,47562,240.2843464920509,False,normal
2026-09-01 16:48:30,/export,282.2026723666302,200,34661,306.1670843508015,False,normal
2026-09-01 16:49:00,/aggregate,58.535128987891234,200,2266,182.99761671779896,False,normal
2026-09-01 16:49:30,/aggregate,204.91165111917707,200,24438,260.4949569700194,False,normal
2026-09-01 16:50:00,/merge,1398.3260639377195,200,20112,200.81869781088346,True,latency_spike
2026-09-01 16:50:30,/aggregate,1854.9993956387375,200,36267,327.1739888447272,True,latency_spike
2026-09-01 16:51:00,/aggregate,382.55099730188175,200,48651,105.64307093843972,False,normal
2026-09-01 16:51:30,/process,119.93424266167932,200,7728,314.77612320493085,False,normal
2026-09-01 16:52:00,/aggregate,87.2324417399723,504,8046,83.6248759884387,True,error_spike
2026-09-01 16:52:30,/process,100.92923795605044,200,7489,310.97925543135807,False,normal
2026-09-01 16:53:00,/process,369.98644569745915,200,47079,103.03596437532852,False,normal
2026-09-01 16:53:30,/process,329.22705899786956,200,36828,268.21725899349406,False,normal
2026-09-01 16:54:00,/aggregate,217.60985922289993,200,23495,107.42980729738177,False,normal
2026-09-01 16:54:30,/process,180.08314460693745,200,19488,290.70260889243025,False,normal
2026-09-01 16:55:00,/merge,266.3373604223056,200,29277,140.09401578375957,False,normal
2026-09-01 16:55:30,/process,350.3325063290119,200,42870,98.98358547695,False,normal
2026-09-01 16:56:00,/process,63.73176521880582,200,3083,314.91583129313284,False,normal
2026-09-01 16:56:30,/export,154.41438425066136,200,11751,235.6596581307222,False,normal
2026-09-01 16:57:00,/process,287.6590367445747,200,32542,308.7893041031176,False,normal
2026-09-01 16:57:30,/aggregate,159.6747323298492,200,12087,293.83698170451,False,normal
2026-09-01 16:58:00,/process,405.58067385706033,200,48436,105.45690612445793,False,normal
2026-09-01 16:58:30,/process,363.0718537159878,200,43176,106.00575384866059,False,normal
2026-09-01 16:59:00,/aggregate,336.9849182424775,200,40819,273.0118481880429,False,normal
2026-09-01 16:59:30,/merge,160.14321027786514,200,18148,308.34267274234116,False,normal
2026-09-01 17:00:00,/process,86.95419579833252,200,3869,128.68974657843836,False,normal
2026-09-01 17:00:30,/merge,89.43033133450994,200,5579,319.4662323296007,False,normal
2026-09-01 17:01:00,/export,252.82899983158012,200,27636,87.1150155050267,False,normal
2026-09-01 17:01:30,/aggregate,126.82883047715187,200,11092,287.5072015630291,False,normal
2026-09-01 17:02:00,/process,304.6327131053856,200,37944,249.43887482871122,False,normal
2026-09-01 17:02:30,/process,303.8182276868463,200,38501,183.97942806979222,False,normal
2026-09-01 17:03:00,/process,141.68672407609975,200,11705,183.2111977508049,False,normal
2026-09-01 17:03:30,/process,162.0071035431808,200,13345,163.04356910024205,False,normal
2026-09-01 17:04:00,/merge,371.18032280900695,200,46592,208.40961445871608,False,normal
2026-09-01 17:04:30,/process,250.9403996260077,200,27833,215.09303443598097,False,normal
2026-09-01 17:05:00,/merge,95.63617456765596,200,3667,124.57500581789742,False,normal
2026-09-01 17:05:30,/aggregate,329.1264577585448,200,41747,83.64792168349598,False,normal
2026-09-01 17:06:00,/process,331.5295696878694,200,41037,222.26210550685448,False,normal
2026-09-01 17:06:30,/process,246.57942374660325,200,30560,131.43622372379474,False,normal
2026-09-01 17:07:00,/merge,146.00668832870355,200,11297,106.54931015000223,False,normal
2026-09-01 17:07:30,/aggregate,316.8781990769902,200,37659,148.1167194142162,False,normal
2026-09-01 17:08:00,/process,184.58368919324707,200,20301,119.00569107577411,False,normal
2026-09-01 17:08:30,/merge,366.6257100468998,200,48849,313.61568040868525,False,normal
2026-09-01 17:09:00,/process,347.11960530374006,200,42919,158.44734660125164,False,normal
2026-09-01 17:09:30,/aggregate,169.4507717048569,200,15030,254.88106679270027,False,normal
2026-09-01 17:10:00,/process,355.8530054047279,200,44412,82.6349024523597,False,normal
2026-09-01 17:10:30,/aggregate,349.80963753498145,200,43822,258.52698878560244,False,normal
2026-09-01 17:11:00,/process,145.17324133058145,200,12320,337.6646093854094,False,normal
2026-09-01 17:11:30,/process,224.1940670686355,200,27597,283.8647295641226,False,normal
2026-09-01 17:12:00,/merge,303.3865030894417,200,36174,286.2309394043333,False,normal
2026-09-01 17:12:30,/aggregate,129.3572083561834,200,10150,192.80736133951564,False,normal
2026-09-01 17:13:00,/aggregate,336.42562599926396,200,42663,208.88341337827543,False,normal
2026-09-01 17:13:30,/merge,83.84859693449839,200,6686,323.40275758801556,False,normal
2026-09-01 17:14:00,/aggregate,306.076629021655,200,36140,479.465192130581,True,memory_spike
2026-09-01 17:14:30,/process,163.15321251200967,200,16461,216.4948508769673,False,normal
2026-09-01 17:15:00,/aggregate,379.516413388632,200,47660,276.8764758321179,False,normal
2026-09-01 17:15:30,/process,101.28321335982696,200,6969,171.1354517481712,False,normal
2026-09-01 17:16:00,/process,173.82321145919235,200,17299,207.4339198154051,False,normal
2026-09-01 17:16:30,/aggregate,305.89584756332374,200,38609,89.55533174597902,False,normal
2026-09-01 17:17:00,/process,173.80308742111106,200,19187,264.20309892117103,False,normal
2026-09-01 17:17:30,/process,251.52290005688303,200,27916,125.13825563759585,False,normal
2026-09-01 17:18:00,/aggregate,163.01778028998137,200,13841,149.878024302724,False,normal
2026-09-01 17:18:30,/merge,85.74732166346104,200,2307,140.72905773905578,False,normal
2026-09-01 17:19:00,/process,43.43597962677515,200,944,273.902513572276,False,normal
2026-09-01 17:19:30,/process,373.2233695063796,200,43927,187.82104562554295,False,normal
2026-09-01 17:20:00,/process,342.78304075967463,500,40292,348.34963128263973,True,error_spike
2026-09-01 17:20:30,/aggregate,257.8813472718003,200,29840,295.82021036417547,False,normal
2026-09-01 17:21:00,/aggregate,294.2059605776117,200,33926,329.3726090696121,False,normal
2026-09-01 17:21:30,/export,217.20381388910315,200,22199,265.52373151215926,False,normal
2026-09-01 17:22:00,/process,261.67062965620676,200,26514,142.09879027798206,False,normal
2026-09-01 17:22:30,/export,83.69173904053507,200,7132,167.42268896310105,False,normal
2026-09-01 17:23:00,/export,92.69211982651024,200,4896,178.17895453719495,False,normal
2026-09-01 17:23:30,/process,212.21695608515222,200,23545,134.6711929174297,False,normal
2026-09-01 17:24:00,/merge,392.75889902617627,200,49479,206.01149798892942,False,normal
2026-09-01 17:24:30,/merge,387.6711244070622,200,45874,293.5891176064267,False,normal
2026-09-01 17:25:00,/aggregate,249.4411442388683,200,26825,220.90019352021181,False,normal
2026-09-01 17:25:30,/process,239.22965338967185,200,29262,124.8895856391212,False,normal
2026-09-01 17:26:00,/aggregate,334.3228411913951,200,41291,277.8498782248271,False,normal
2026-09-01 17:26:30,/merge,213.98400329632574,200,23014,340.5854311222839,False,normal
2026-09-01 17:27:00,/process,161.2581457523381,200,18966,208.1230491530747,False,normal
2026-09-01 17:27:30,/aggregate,275.4538631486435,200,30443,118.25363145428406,False,normal
2026-09-01 17:28:00,/process,228.3467120724428,200,25707,277.2178368019132,False,normal
2026-09-01 17:28:30,/merge,244.9338423534248,200,27572,225.55847547518943,False,normal
2026-09-01 17:29:00,/merge,66.94405799662448,200,1777,298.20687502849296,False,normal
2026-09-01 17:29:30,/process,294.9091778734891,200,31219,243.5325916773771,False,normal
2026-09-01 17:30:00,/merge,187.88084306906447,200,19688,315.4230358008625,False,normal
2026-09-01 17:30:30,/aggregate,114.41205302947299,200,10028,83.87795174513029,False,normal
2026-09-01 17:31:00,/process,350.38472273810305,200,39288,255.62618084543251,False,normal
2026-09-01 17:31:30,/aggregate,94.70347960198596,200,7518,242.45841169820923,False,normal
2026-09-01 17:32:00,/aggregate,106.40725200398944,200,9239,290.2761287322519,False,normal
2026-09-01 17:32:30,/process,33.99742382686527,200,724,139.05201361073279,False,normal
2026-09-01 17:33:00,/aggregate,320.6153123313107,200,36432,238.06308258165456,False,normal
2026-09-01 17:33:30,/export,344.83491328426277,504,41608,152.1318573590287,True,error_spike
2026-09-01 17:34:00,/aggregate,193.2631672547289,200,19532,283.7788559731506,False,normal
2026-09-01 17:34:30,/aggregate,53.83628662533376,200,261,101.51890006754326,False,normal
2026-09-01 17:35:00,/process,207.77522113960586,200,22891,122.55495888620041,False,normal
2026-09-01 17:35:30,/process,128.0577191206301,200,12881,335.21705173825217,False,normal
2026-09-01 17:36:00,/merge,119.58067627206083,200,11660,279.1751503347582,False,normal
2026-09-01 17:36:30,/merge,261.1221498589894,200,29308,148.0641307119524,False,normal
2026-09-01 17:37:00,/merge,301.47592140563677,200,35726,164.30777994719648,False,normal
2026-09-01 17:37:30,/aggregate,249.0574714550706,400,25040,197.1837035555863,False,normal
2026-09-01 17:38:00,/aggregate,155.41837914967346,200,16734,143.03089989786343,False,normal
2026-09-01 17:38:30,/aggregate,357.91467601282926,200,45083,117.87044014919755,False,normal
2026-09-01 17:39:00,/merge,224.1534028165634,200,27105,341.86946093144013,False,normal
2026-09-01 17:39:30,/process,145.19032480337376,200,10738,137.1804405506681,False,normal
2026-09-01 17:40:00,/aggregate,315.36241137577093,200,40584,281.9590118768821,False,normal
2026-09-01 17:40:30,/aggregate,101.53934627542208,200,5788,273.91496941119476,False,normal
2026-09-01 17:41:00,/aggregate,375.0102566420591,200,43442,278.628697326103,False,normal
2026-09-01 17:41:30,/process,104.22433511924815,200,8104,161.81110229937264,False,normal
2026-09-01 17:42:00,/process,259.2542121111619,200,28417,140.04171000755719,False,normal
2026-09-01 17:42:30,/process,192.6110163653318,200,24942,246.48372895129822,False,normal
2026-09-01 17:43:00,/process,380.72975149882694,200,48126,348.7624929517083,False,normal
2026-09-01 17:43:30,/merge,127.40549208020389,200,14632,184.94896821822178,False,normal
2026-09-01 17:44:00,/merge,89.72722928818132,200,5370,138.99102150885355,False,normal
2026-09-01 17:44:30,/merge,209.4908813215393,200,22824,217.19873892328772,False,normal
2026-09-01 17:45:00,/aggregate,148.48301475497377,200,15757,131.2593566790077,False,normal
2026-09-01 17:45:30,/process,304.5741276823882,200,34424,173.68735418296677,False,normal
2026-09-01 17:46:00,/aggregate,77.35235467217935,200,3212,278.5202207675116,False,normal
2026-09-01 17:46:30,/merge,154.78801565453992,200,16136,145.46612241162285,False,normal
2026-09-01 17:47:00,/aggregate,354.5867778778862,200,44656,201.03594065458137,False,normal
2026-09-01 17:47:30,/aggregate,260.82762301687245,400,33290,253.75683200220746,False,normal
2026-09-01 17:48:00,/process,90.3630458097731,200,6216,122.9869958828209,False,normal
2026-09-01 17:48:30,/process,88.59307941045915,200,1080,119.00305315552922,False,normal
2026-09-01 17:49:00,/aggregate,224.40564377588132,200,26477,340.5110669351352,False,normal
2026-09-01 17:49:30,/aggregate,247.3261552935378,200,27354,314.30801317305065,False,normal
2026-09-01 17:50:00,/process,108.99071804875172,200,9645,318.8915021782645,False,normal
2026-09-01 17:50:30,/process,1687.5602925656567,200,45375,234.54698463133167,True,latency_spike
2026-09-01 17:51:00,/aggregate,66.25194760489977,200,1445,216.1880237599515,False,normal
2026-09-01 17:51:30,/process,373.1547790099677,200,46714,109.36208752573526,False,normal
2026-09-01 17:52:00,/aggregate,25.947966081770062,200,396,144.82359204737946,False,normal
2026-09-01 17:52:30,/process,242.4220634485717,200,28632,110.3576521147719,False,normal
2026-09-01 17:53:00,/merge,409.30596709613405,200,48842,223.71456196939138,False,normal
2026-09-01 17:53:30,/process,390.09484614253404,200,49156,197.63688856933152,False,normal
2026-09-01 17:54:00,/aggregate,393.6732575904981,200,47818,126.60617782623994,False,normal
2026-09-01 17:54:30,/export,125.42095592705864,200,11846,106.68760786953966,False,normal
2026-09-01 17:55:00,/merge,272.3146349709041,200,35766,235.07376145517227,False,normal
2026-09-01 17:55:30,/merge,160.5959767465237,200,14950,118.10618557277454,False,normal
2026-09-01 17:56:00,/process,163.8299417500487,200,15637,83.47560795616822,False,normal
2026-09-01 17:56:30,/merge,198.26329920114998,200,22459,140.9011107974993,False,normal
2026-09-01 17:57:00,/process,194.5569359825026,200,21489,296.7964698997058,False,normal
2026-09-01 17:57:30,/export,232.38510890723552,200,25494,257.56975650696603,False,normal
2026-09-01 17:58:00,/merge,78.7571341567711,200,5416,219.63624655724524,False,normal
2026-09-01 17:58:30,/aggregate,341.69879586012945,200,40991,140.8454977384714,False,normal
2026-09-01 17:59:00,/merge,169.2001836864376,200,17512,206.2374510453636,False,normal
2026-09-01 17:59:30,/aggregate,171.6517744302051,200,22424,82.67538752567027,False,normal
2026-09-01 18:00:00,/merge,318.5887897735353,200,38727,167.82625439576958,False,normal
2026-09-01 18:00:30,/process,58.266974506389026,200,2497,209.4373262891817,False,normal
2026-09-01 18:01:00,/export,250.87233657491868,200,30520,104.74880317040886,False,normal
2026-09-01 18:01:30,/merge,300.7701671763102,200,35023,236.60902850481696,False,normal
2026-09-01 18:02:00,/process,338.039570934277,200,42234,199.48256875832712,False,normal
2026-09-01 18:02:30,/process,136.12549667195165,200,11211,94.6157900464368,False,normal
2026-09-01 18:03:00,/aggregate,118.78589693147772,200,7561,119.73652653374205,False,normal
2026-09-01 18:03:30,/merge,360.6617147830837,200,44127,211.8548629855859,False,normal
2026-09-01 18:04:00,/process,206.67111896430978,200,25710,322.20261100550357,False,normal
2026-09-01 18:04:30,/export,113.55524427504939,200,10678,95.3614758170219,False,normal
2026-09-01 18:05:00,/process,355.90384036573374,200,41816,231.79219096406175,False,normal
2026-09-01 18:05:30,/export,149.8246604490844,200,14857,156.79426795059857,False,normal
2026-09-01 18:06:00,/merge,133.85092835814788,200,13736,184.86039941064791,False,normal
2026-09-01 18:06:30,/aggregate,96.9573900250799,200,6947,329.0412087674625,False,normal
2026-09-01 18:07:00,/process,293.8833344578776,200,33822,250.03403989270421,False,normal
2026-09-01 18:07:30,/process,159.8975234887806,200,15198,156.75347488921904,False,normal
2026-09-01 18:08:00,/process,306.8576898345005,200,35373,201.97789140945923,False,normal
2026-09-01 18:08:30,/aggregate,248.05564729985412,200,30087,344.95444714359087,False,normal
2026-09-01 18:09:00,/merge,265.98647232234106,200,31483,314.1820590377946,False,normal
2026-09-01 18:09:30,/export,140.00991090936625,200,13438,194.95622796588492,False,normal
2026-09-01 18:10:00,/process,188.147661839651,200,19827,223.02611816761942,False,normal
2026-09-01 18:10:30,/export,36.23953121017208,200,2518,203.7529048959807,False,normal
2026-09-01 18:11:00,/process,166.51200991997143,500,17190,120.65099639725602,True,error_spike
2026-09-01 18:11:30,/export,235.29744778272456,200,29357,341.29113394587034,False,normal
2026-09-01 18:12:00,/export,408.96105201719365,200,48380,141.86985358972612,False,normal
2026-09-01 18:12:30,/process,330.1702775289311,200,36772,139.17010860456338,False,normal
2026-09-01 18:13:00,/merge,124.50011550974477,200,7126,109.80977502078534,False,normal
2026-09-01 18:13:30,/merge,100.45159280727312,200,5535,334.2851573030792,False,normal
2026-09-01 18:14:00,/merge,380.09060209392294,200,48227,326.9974285544825,False,normal
2026-09-01 18:14:30,/merge,212.81384168999773,200,21269,251.99856359618326,False,normal
2026-09-01 18:15:00,/aggregate,178.21360715310848,200,18783,222.73263991705252,False,normal
2026-09-01 18:15:30,/aggregate,83.31963577443896,200,3506,236.88130420402464,False,normal
2026-09-01 18:16:00,/process,59.649962048669146,200,3331,180.0067223200017,False,normal
2026-09-01 18:16:30,/merge,47.61546493707934,200,944,320.2676849401821,False,normal
2026-09-01 18:17:00,/export,197.3412655901293,200,20104,230.48500182650935,False,normal
2026-09-01 18:17:30,/process,207.52589828170636,200,18789,311.08921177208913,False,normal
2026-09-01 18:18:00,/merge,222.15619069984038,200,24686,267.52332566398445,False,normal
2026-09-01 18:18:30,/process,183.92433040595688,200,14397,263.31703971131003,False,normal
2026-09-01 18:19:00,/process,255.07170249229097,200,23497,261.20036112966864,False,normal
2026-09-01 18:19:30,/process,337.15386509635636,200,43776,289.49472022371356,False,normal
2026-09-01 18:20:00,/aggregate,333.2917322330147,200,40566,299.6135812880001,False,normal
2026-09-01 18:20:30,/process,41.03884596295836,200,774,264.44970188533733,False,normal
2026-09-01 18:21:00,/process,65.09292582326562,200,2488,166.6055604558333,False,normal
2026-09-01 18:21:30,/process,268.31255830380974,200,32356,151.06768048236563,False,normal
2026-09-01 18:22:00,/process,192.18026137591957,200,20490,132.90340426139184,False,normal
2026-09-01 18:22:30,/merge,321.0056306362982,200,36708,311.11905005721894,False,normal
2026-09-01 18:23:00,/process,83.32990141711986,200,2808,211.16342996795893,False,normal
2026-09-01 18:23:30,/aggregate,199.96199315751136,200,20908,80.08837603618385,False,normal
2026-09-01 18:24:00,/aggregate,355.0237248836612,200,43604,241.7482762349733,False,normal
2026-09-01 18:24:30,/process,227.12336684505087,200,25087,313.1697189358257,False,normal
2026-09-01 18:25:00,/process,327.14795293753457,200,39358,328.03726781760594,False,normal
2026-09-01 18:25:30,/export,145.28684833944553,200,12431,333.40997716858726,False,normal
2026-09-01 18:26:00,/export,79.82935203216215,200,4284,314.5399639137198,False,normal
2026-09-01 18:26:30,/merge,146.07988193458002,200,12694,127.71423009269691,False,normal
2026-09-01 18:27:00,/process,275.8323491714817,200,35069,219.22890257278834,False,normal
2026-09-01 18:27:30,/merge,396.3217082916217,200,2744,271.2688680108241,True,latency_spike
2026-09-01 18:28:00,/aggregate,151.03262661121266,200,10764,253.67992688371518,False,normal
2026-09-01 18:28:30,/process,369.55972685677347,200,45295,176.8191678833059,False,normal
2026-09-01 18:29:00,/aggregate,208.73945148135869,200,25704,90.04479202251335,False,normal
2026-09-01 18:29:30,/export,80.52323114126278,200,1530,321.1665246403969,False,normal
2026-09-01 18:30:00,/merge,249.51959017364004,200,29232,290.08274744878287,False,normal
2026-09-01 18:30:30,/process,54.035595892236486,200,6941,313.82342910709576,False,normal
2026-09-01 18:31:00,/process,354.6023862020264,200,44008,184.09193980414165,False,normal
2026-09-01 18:31:30,/export,312.44951055481715,200,36240,146.97442578836825,False,normal
2026-09-01 18:32:00,/export,359.4807000363454,200,43428,307.9360385779882,False,normal
2026-09-01 18:32:30,/aggregate,228.72515908429222,200,22933,256.7338429202108,False,normal
2026-09-01 18:33:00,/process,83.09007768427551,200,3441,260.1526158851485,False,normal
2026-09-01 18:33:30,/aggregate,231.17893095450466,200,25648,89.26167234259562,False,normal
2026-09-01 18:34:00,/aggregate,206.90654860037995,200,26632,108.94356962094258,False,normal
2026-09-01 18:34:30,/aggregate,136.81314829419097,200,14792,287.7327483946271,False,normal
2026-09-01 18:35:00,/process,137.35655068314452,200,12128,318.5613633397693,False,normal
2026-09-01 18:35:30,/process,116.83527192117975,200,8141,175.44358160059332,False,normal
2026-09-01 18:36:00,/process,373.6191762806544,200,48437,315.48839301888046,False,normal
2026-09-01 18:36:30,/process,320.5473942946561,200,39975,128.38080628742117,False,normal
2026-09-01 18:37:00,/process,115.98327091336981,200,8458,236.56281568859856,False,normal
2026-09-01 18:37:30,/export,65.39722833575368,200,6276,174.29539223215698,False,normal
2026-09-01 18:38:00,/process,327.0786562536779,200,43737,224.14878698074432,False,normal
2026-09-01 18:38:30,/merge,150.4192453499902,200,14861,133.11148033001484,False,normal
2026-09-01 18:39:00,/merge,160.50179736139012,200,15279,183.40945189852707,False,normal
2026-09-01 18:39:30,/aggregate,306.01741059286377,200,37617,204.66621939452233,False,normal
2026-09-01 18:40:00,/aggregate,65.05793453138506,200,7042,236.4370718524905,False,normal
2026-09-01 18:40:30,/process,154.9774850071385,200,14975,135.34896966508046,False,normal
2026-09-01 18:41:00,/aggregate,116.61200075216163,200,12360,243.48199822588788,False,normal
2026-09-01 18:41:30,/merge,392.51977248969587,200,47572,137.19184660402692,False,normal
2026-09-01 18:42:00,/merge,325.07806941958484,200,39538,343.5672419426435,False,normal
2026-09-01 18:42:30,/aggregate,115.65092343935147,200,8845,145.16463428057483,False,normal
2026-09-01 18:43:00,/export,221.2075094814069,200,23125,109.59948524464902,False,normal
2026-09-01 18:43:30,/merge,226.98602802641014,200,26427,153.20752683303562,False,normal
2026-09-01 18:44:00,/aggregate,127.03288498548628,200,9277,233.38065101059254,False,normal
2026-09-01 18:44:30,/aggregate,256.9013961248162,200,26947,200.47706027296567,False,normal
2026-09-01 18:45:00,/process,394.35687591004336,200,48379,258.0375967790458,False,normal
2026-09-01 18:45:30,/export,245.07533299594888,200,25074,109.65707272804443,False,normal
2026-09-01 18:46:00,/aggregate,75.36637515768176,200,4979,191.38819125834894,False,normal
2026-09-01 18:46:30,/merge,334.61084510406215,200,38742,230.13515673519098,False,normal
2026-09-01 18:47:00,/process,228.49233297401497,200,24954,343.1593574175689,False,normal
2026-09-01 18:47:30,/export,51.96312775447539,200,2399,319.34381032367867,False,normal
2026-09-01 18:48:00,/process,150.23366925773487,200,14511,234.3447306393114,False,normal
2026-09-01 18:48:30,/aggregate,233.3314187539358,200,27340,161.10384144045577,False,normal
2026-09-01 18:49:00,/process,186.67498932674175,200,20722,111.0043313652472,False,normal
2026-09-01 18:49:30,/process,327.6669269961503,200,39508,250.75189861408882,False,normal
2026-09-01 18:50:00,/merge,298.60655764294086,200,33288,232.08800910064045,False,normal
2026-09-01 18:50:30,/process,63.51277200325474,200,2629,208.05087242484896,False,normal
2026-09-01 18:51:00,/process,323.51606658734005,200,38834,274.46079525057246,False,normal
2026-09-01 18:51:30,/process,219.547235021735,200,27360,205.64099108362865,False,normal
2026-09-01 18:52:00,/merge,252.63454398701012,200,28746,290.3809368941083,False,normal
2026-09-01 18:52:30,/process,221.57666929002644,200,22088,157.90701117739303,False,normal
2026-09-01 18:53:00,/process,196.12440810017048,200,19181,168.4052135004476,False,normal
2026-09-01 18:53:30,/merge,198.90098672086572,200,20289,326.33101140999395,False,normal
2026-09-01 18:54:00,/aggregate,190.0658966953104,200,21151,236.3411418853612,False,normal
2026-09-01 18:54:30,/merge,223.87646207171298,200,26932,337.8373005817258,False,normal
2026-09-01 18:55:00,/export,119.53521466647072,200,10157,96.59659839699168,False,normal
2026-09-01 18:55:30,/process,248.86735264010377,200,31273,329.6941455442544,False,normal
2026-09-01 18:56:00,/aggregate,285.94665599905454,200,36349,95.49193158434487,False,normal
2026-09-01 18:56:30,/merge,310.2896434638288,200,35209,281.9016664793091,False,normal
2026-09-01 18:57:00,/merge,278.9512659371285,200,34678,236.3613047912272,False,normal
2026-09-01 18:57:30,/merge,390.95849694932434,200,44922,112.78501053562117,False,normal
2026-09-01 18:58:00,/process,167.55597564978063,200,19850,161.78576537777963,False,normal
2026-09-01 18:58:30,/process,286.25946980459554,200,32863,209.54323071829793,False,normal
2026-09-01 18:59:00,/merge,357.33884570723745,200,46416,230.68751329546234,False,normal
2026-09-01 18:59:30,/aggregate,402.0513038478107,200,49947,211.684154088066,False,normal
2026-09-01 19:00:00,/process,205.61957954274817,200,24463,87.34796467133872,False,normal
2026-09-01 19:00:30,/process,283.3672386413322,200,33276,348.5366053910767,False,normal
2026-09-01 19:01:00,/aggregate,294.1466137716782,200,35234,175.07941526067236,False,normal
2026-09-01 19:01:30,/process,137.8254419352924,200,13529,275.1108761379464,False,normal
2026-09-01 19:02:00,/merge,248.67291753900628,200,27320,330.78648289242335,False,normal
2026-09-01 19:02:30,/process,124.36066762504137,504,7445,343.0610254033876,True,error_spike
2026-09-01 19:03:00,/merge,240.69932408175976,200,28522,129.5880365728948,False,normal
2026-09-01 19:03:30,/process,416.06874864816547,200,3637,320.901195258775,True,latency_spike
2026-09-01 19:04:00,/aggregate,155.77000381249402,200,14955,218.4432590289227,False,normal
2026-09-01 19:04:30,/process,143.76930102605317,200,13484,256.8928643201979,False,normal
2026-09-01 19:05:00,/merge,335.32359995053514,200,36131,146.4146763135662,False,normal
2026-09-01 19:05:30,/aggregate,59.88777814671817,200,6044,118.90590234074298,False,normal
2026-09-01 19:06:00,/process,260.29748435755556,200,31512,236.38714660599527,False,normal
2026-09-01 19:06:30,/export,262.3425852463728,200,34202,323.85279953665236,False,normal
2026-09-01 19:07:00,/aggregate,142.70067524101967,200,13933,193.0324239508352,False,normal
2026-09-01 19:07:30,/process,287.96457472816576,200,34506,337.33998051294566,False,normal
2026-09-01 19:08:00,/merge,323.76265014775424,200,31045,270.5500526591488,False,normal
2026-09-01 19:08:30,/process,269.46048757086686,200,30641,85.06526644249375,False,normal
2026-09-01 19:09:00,/export,110.22859486389603,200,4818,332.1533316956405,False,normal
2026-09-01 19:09:30,/process,203.53270282501398,200,19202,110.3489625879486,False,normal
2026-09-01 19:10:00,/export,158.4670550724073,200,16455,139.9285615601604,False,normal
2026-09-01 19:10:30,/process,219.68198514155884,200,23248,231.96451732677644,False,normal
2026-09-01 19:11:00,/merge,380.0367468207192,200,43630,333.680666205604,False,normal
2026-09-01 19:11:30,/process,143.7224220828885,200,13046,116.40170317768073,False,normal
2026-09-01 19:12:00,/aggregate,171.29953712101005,200,16910,160.3562242105079,False,normal
2026-09-01 19:12:30,/aggregate,378.86972306065894,200,45939,92.30960479342009,False,normal
2026-09-01 19:13:00,/process,175.80117192940713,200,21190,103.73088188928841,False,normal
2026-09-01 19:13:30,/process,43.991429776180794,200,891,196.30494298921718,False,normal
2026-09-01 19:14:00,/process,309.0658077375834,200,36320,235.46282742005516,False,normal
2026-09-01 19:14:30,/merge,170.60979877659932,200,16097,217.98512390242075,False,normal
2026-09-01 19:15:00,/process,267.50485197728136,200,33048,92.80842952876726,False,normal
2026-09-01 19:15:30,/aggregate,245.7891065985807,200,28682,195.79110520956093,False,normal
2026-09-01 19:16:00,/process,208.53804553281572,200,22935,199.86897729384324,False,normal
2026-09-01 19:16:30,/process,111.36427094914919,200,9114,332.4906891510084,False,normal
2026-09-01 19:17:00,/export,375.1061340697815,200,44998,168.40598892195788,False,normal
2026-09-01 19:17:30,/aggregate,350.48271683834326,200,42727,251.05488321873696,False,normal
2026-09-01 19:18:00,/aggregate,173.75434790998113,200,17354,211.7281441984808,False,normal
2026-09-01 19:18:30,/merge,197.28793981516924,200,24073,290.13977998606003,False,normal
2026-09-01 19:19:00,/merge,266.8819517567712,200,33248,243.11986642990524,False,normal
2026-09-01 19:19:30,/process,184.72115891061992,400,18591,347.87660973247097,False,normal
2026-09-01 19:20:00,/process,237.3143558846191,200,30174,252.00364609269695,False,normal
2026-09-01 19:20:30,/aggregate,76.44194811362807,200,3234,172.26099276950333,False,normal
2026-09-01 19:21:00,/process,354.5024377294716,200,44934,193.49182233792436,False,normal
2026-09-01 19:21:30,/process,136.62899134305184,200,14131,311.1366956966362,False,normal
2026-09-01 19:22:00,/export,220.04510151565322,200,22947,179.3942637584814,False,normal
2026-09-01 19:22:30,/aggregate,246.37720538479368,200,29523,330.2167806931489,False,normal
2026-09-01 19:23:00,/aggregate,119.23444150892112,200,11746,198.94880227770736,False,normal
2026-09-01 19:23:30,/process,138.6500544470083,200,14132,334.65890362019206,False,normal
2026-09-01 19:24:00,/merge,224.91531841914974,200,24899,120.58942989627297,False,normal
2026-09-01 19:24:30,/aggregate,107.10350303285313,200,2352,291.6872767295006,False,normal
2026-09-01 19:25:00,/process,831.5019950735971,200,16347,200.04564048560226,True,latency_spike
2026-09-01 19:25:30,/export,252.59103212729673,200,29019,141.2407348458134,False,normal
2026-09-01 19:26:00,/export,96.38724677308376,200,7177,239.4010686424718,False,normal
2026-09-01 19:26:30,/export,170.760186473617,200,15265,96.08196268324868,False,normal
2026-09-01 19:27:00,/merge,381.0653729931684,200,48121,133.96494348195895,False,normal
2026-09-01 19:27:30,/aggregate,309.28260572125663,200,42334,308.7561713144697,False,normal
2026-09-01 19:28:00,/process,136.89816907501876,200,9635,221.42288506947583,False,normal
2026-09-01 19:28:30,/aggregate,275.81738273144435,200,34620,171.32250015537647,False,normal
2026-09-01 19:29:00,/process,256.2683630264669,200,29637,118.9677012592926,False,normal
2026-09-01 19:29:30,/aggregate,282.0310657866727,200,36101,123.30788049761382,False,normal
2026-09-01 19:30:00,/process,111.55861244855961,200,11168,142.07482495832016,False,normal
2026-09-01 19:30:30,/process,353.9242704225177,200,44519,204.37461575125553,False,normal
2026-09-01 19:31:00,/merge,241.7903537057232,200,25620,85.41539125833316,False,normal
2026-09-01 19:31:30,/process,345.86155615094225,200,40519,135.3956484694936,False,normal
2026-09-01 19:32:00,/aggregate,307.3419602122891,504,38083,195.5917879456142,True,error_spike
2026-09-01 19:32:30,/merge,172.84337998891797,200,16529,318.309547979306,False,normal
2026-09-01 19:33:00,/merge,46.90110122843109,200,399,313.71434660824514,False,normal
2026-09-01 19:33:30,/aggregate,250.77199396859822,200,28493,332.46069770378847,False,normal
2026-09-01 19:34:00,/merge,1044.8821336829317,200,18587,140.77072556318484,True,latency_spike
2026-09-01 19:34:30,/aggregate,149.99780608223384,200,13017,113.54190281567948,False,normal
2026-09-01 19:35:00,/export,88.28434846384711,200,6831,309.2759641402098,False,normal
2026-09-01 19:35:30,/merge,118.75317215617397,200,10156,268.642968581143,False,normal
2026-09-01 19:36:00,/process,323.9661820686351,200,38728,146.55991021869022,False,normal
2026-09-01 19:36:30,/process,123.56822639004464,200,10372,609.3158982860369,True,memory_spike
2026-09-01 19:37:00,/process,300.96275537093385,200,37604,329.6458978549082,False,normal
2026-09-01 19:37:30,/process,114.74823897980026,200,5640,300.56726670091325,False,normal
2026-09-01 19:38:00,/process,359.66775626630204,200,45276,332.8006849185613,False,normal
2026-09-01 19:38:30,/merge,145.0840980909161,200,12028,213.35332761469135,False,normal
2026-09-01 19:39:00,/process,336.54838700075794,200,40559,132.0008200856832,False,normal
2026-09-01 19:39:30,/process,146.9819855583969,200,11312,225.5353539514434,False,normal
2026-09-01 19:40:00,/merge,90.61278466613186,200,10510,110.61613628537066,False,normal
2026-09-01 19:40:30,/process,315.78041421288646,200,33661,111.60315261313765,False,normal
2026-09-01 19:41:00,/process,81.40744780108938,200,5000,104.56283379738643,False,normal
2026-09-01 19:41:30,/export,119.76243178369313,200,12648,148.02577879173873,False,normal
2026-09-01 19:42:00,/merge,267.2070565874409,200,30815,124.2537837619465,False,normal
2026-09-01 19:42:30,/aggregate,100.21159369781479,200,2428,149.58790087491576,False,normal
2026-09-01 19:43:00,/process,153.01743313630593,200,13701,267.6810927316063,False,normal
2026-09-01 19:43:30,/process,179.1830408834477,200,21138,261.51592781538756,False,normal
2026-09-01 19:44:00,/export,254.5242934920085,200,30265,86.95543071447165,False,normal
2026-09-01 19:44:30,/merge,140.35724991143664,200,10127,311.92311808322404,False,normal
2026-09-01 19:45:00,/process,224.78678090007722,200,28021,301.3940490701828,False,normal
2026-09-01 19:45:30,/merge,288.35924423853317,200,34498,334.94756598074275,False,normal
2026-09-01 19:46:00,/process,172.46539537974823,200,18185,138.84450157950897,False,normal
2026-09-01 19:46:30,/merge,159.99536893392988,200,11163,277.1484700407149,False,normal
2026-09-01 19:47:00,/process,134.78353614065526,200,12797,230.3849481349463,False,normal
2026-09-01 19:47:30,/process,264.3755469978943,200,27892,270.7745074124959,False,normal
2026-09-01 19:48:00,/process,41.11245741692754,200,237,323.90863769835823,False,normal
2026-09-01 19:48:30,/process,99.75649570199911,200,8883,101.92227680089229,False,normal
2026-09-01 19:49:00,/merge,104.27535890988729,200,5680,307.1414643609936,False,normal
2026-09-01 19:49:30,/merge,227.93275690981474,200,24158,311.8762709728685,False,normal
2026-09-01 19:50:00,/aggregate,309.6917703932623,200,40843,254.15432276649398,False,normal
2026-09-01 19:50:30,/merge,362.6972245322939,200,43374,790.1299134147565,True,memory_spike
2026-09-01 19:51:00,/process,290.6841398480506,200,33080,226.12114074420157,False,normal
2026-09-01 19:51:30,/process,147.03243628443832,200,15234,117.91318460212696,False,normal
2026-09-01 19:52:00,/merge,69.88009348183262,200,2437,281.12050374491764,False,normal
2026-09-01 19:52:30,/export,238.3978870808496,200,26407,228.82724842951714,False,normal
2026-09-01 19:53:00,/aggregate,111.9137183250268,200,9946,235.2852489873278,False,normal
2026-09-01 19:53:30,/merge,194.72777472026416,200,21987,271.4959589804291,False,normal
2026-09-01 19:54:00,/export,249.37119379883055,200,29977,107.31165042966109,False,normal
2026-09-01 19:54:30,/export,70.63328482707924,200,3593,92.79573544107696,False,normal
2026-09-01 19:55:00,/process,63.30767254974404,200,4798,112.13721810175373,False,normal
2026-09-01 19:55:30,/aggregate,56.80669785958371,200,1131,101.60500588970964,False,normal
2026-09-01 19:56:00,/process,347.40323147595694,200,45736,296.4352696371634,False,normal
2026-09-01 19:56:30,/aggregate,2575.20074950107,200,42139,115.74421363106308,True,latency_spike
2026-09-01 19:57:00,/aggregate,115.40673077036142,200,9593,181.77372629982438,False,normal
2026-09-01 19:57:30,/process,153.66735821680103,200,17083,257.3318952221021,False,normal
2026-09-01 19:58:00,/process,274.08107785693375,200,30267,149.62890429132096,False,normal
2026-09-01 19:58:30,/merge,318.6954897532902,200,34334,326.16027798482173,False,normal
2026-09-01 19:59:00,/aggregate,205.9428782476605,200,19528,326.7532988820791,False,normal
2026-09-01 19:59:30,/merge,174.01008283008287,200,20693,185.49982129031355,False,normal
2026-09-01 20:00:00,/process,317.0361807736163,200,35509,238.38806786067758,False,normal
2026-09-01 20:00:30,/process,346.2779292395866,200,41931,292.1393050629965,False,normal
2026-09-01 20:01:00,/aggregate,95.44237415004206,200,6675,345.05867558897097,False,normal
2026-09-01 20:01:30,/export,109.45036677805183,200,9831,267.04980143750583,False,normal
2026-09-01 20:02:00,/aggregate,311.28997460908477,200,37413,201.428360984971,False,normal
2026-09-01 20:02:30,/process,239.87886128672844,200,24243,91.7073459301591,False,normal
2026-09-01 20:03:00,/aggregate,122.26877954409552,200,9238,253.28750833589442,False,normal
2026-09-01 20:03:30,/export,235.57883114387025,200,27464,257.991524394678,False,normal
2026-09-01 20:04:00,/merge,58.70145317318682,200,2740,267.2135015034339,False,normal
2026-09-01 20:04:30,/merge,321.19076388357445,200,39699,173.97861720692447,False,normal
2026-09-01 20:05:00,/aggregate,180.1866841828655,200,17423,312.6327717150717,False,normal
2026-09-01 20:05:30,/process,88.26326864569589,200,1569,239.99264074133382,False,normal
2026-09-01 20:06:00,/merge,360.3798993636491,200,46662,182.65775041945005,False,normal
2026-09-01 20:06:30,/merge,176.7556332111737,200,18185,145.66717644860302,False,normal
2026-09-01 20:07:00,/merge,325.6821493015751,200,40275,88.25371979145541,False,normal
2026-09-01 20:07:30,/process,204.9586362032347,200,23811,272.21632679368236,False,normal
2026-09-01 20:08:00,/process,70.77722658922194,200,2195,165.29335047947768,False,normal
2026-09-01 20:08:30,/process,264.06610716479133,200,29482,310.56982962092866,False,normal
2026-09-01 20:09:00,/merge,60.56666519628672,200,4596,166.9175248897095,False,normal
2026-09-01 20:09:30,/export,84.18907407882566,502,7159,162.59082174971564,True,error_spike
2026-09-01 20:10:00,/process,399.5515867247531,200,47470,291.60422861494516,False,normal
2026-09-01 20:10:30,/merge,244.7823893847386,200,27225,182.62396765887706,False,normal
2026-09-01 20:11:00,/process,146.33698462381548,200,12727,346.18250465889145,False,normal
2026-09-01 20:11:30,/aggregate,284.94997449291594,200,34703,232.70245542156584,False,normal
2026-09-01 20:12:00,/aggregate,245.61148012073994,200,28826,333.1003874481079,False,normal
2026-09-01 20:12:30,/process,313.05517163991954,200,36678,112.86912468510967,False,normal
2026-09-01 20:13:00,/process,275.41735667525063,400,33332,92.56654738211547,False,normal
2026-09-01 20:13:30,/process,112.04170945868857,200,11294,83.61470151733732,False,normal
2026-09-01 20:14:00,/process,187.97073222225953,200,19783,316.53348120187684,False,normal
2026-09-01 20:14:30,/aggregate,217.60891978422814,200,22095,208.74833316923656,False,normal
2026-09-01 20:15:00,/process,95.67406501311513,500,8787,278.0602183138237,True,error_spike
2026-09-01 20:15:30,/merge,169.97649502337433,200,14968,221.81808159379685,False,normal
2026-09-01 20:16:00,/process,280.20135044163726,200,31469,341.204744936875,False,normal
2026-09-01 20:16:30,/aggregate,172.75954757957604,200,19443,298.6865324784595,False,normal
2026-09-01 20:17:00,/aggregate,167.69982670193176,200,16872,209.44878706594122,False,normal
2026-09-01 20:17:30,/process,176.36316964502728,200,18214,128.83112070535685,False,normal
2026-09-01 20:18:00,/aggregate,119.43974219918468,200,8648,183.7397204490772,False,normal
2026-09-01 20:18:30,/aggregate,390.2171040837553,200,47261,185.45808483420583,False,normal
2026-09-01 20:19:00,/aggregate,267.9632772978618,200,33976,177.17213653606026,False,normal
2026-09-01 20:19:30,/merge,34.83495447846104,200,768,272.9390449891797,False,normal
2026-09-01 20:20:00,/merge,341.9883598975446,200,39601,305.93306111198376,False,normal
2026-09-01 20:20:30,/process,382.9055509640888,200,47391,304.08426166154015,False,normal
2026-09-01 20:21:00,/merge,343.13425256859847,200,41064,133.14496881996135,False,normal
2026-09-01 20:21:30,/aggregate,66.70565644597076,200,1751,125.49779490138539,False,normal
2026-09-01 20:22:00,/aggregate,152.78139992788675,200,11506,1188.819822921502,True,memory_spike
2026-09-01 20:22:30,/process,59.479094224255036,200,3988,277.95434171477314,False,normal
2026-09-01 20:23:00,/aggregate,69.57636771149069,200,558,291.60844595625844,False,normal
2026-09-01 20:23:30,/aggregate,109.99096196001133,200,10380,323.99447018876606,False,normal
2026-09-01 20:24:00,/merge,388.2867228198886,200,46856,170.74357996640964,False,normal
2026-09-01 20:24:30,/merge,170.2904555819676,200,14413,98.33148533182839,False,normal
2026-09-01 20:25:00,/process,228.55601692527446,200,28514,179.89600920635684,False,normal
2026-09-01 20:25:30,/merge,355.77109678857084,200,42900,167.49050057669496,False,normal
2026-09-01 20:26:00,/aggregate,378.99941058900106,200,47661,109.75415494532474,False,normal
2026-09-01 20:26:30,/aggregate,339.69466844846846,200,42074,263.4536211451603,False,normal
2026-09-01 20:27:00,/merge,69.08502222986758,200,2709,218.0449831092894,False,normal
2026-09-01 20:27:30,/aggregate,360.996576713085,200,46731,248.40010957970512,False,normal
2026-09-01 20:28:00,/export,225.5464127478039,200,27194,314.7035812746069,False,normal
2026-09-01 20:28:30,/merge,196.07666578706622,200,19547,235.47589015568883,False,normal
2026-09-01 20:29:00,/merge,299.93217467165505,200,33986,319.5875056080638,False,normal
2026-09-01 20:29:30,/process,47.29531575497653,200,890,299.79045077969454,False,normal
2026-09-01 20:30:00,/aggregate,235.90179302154053,200,29715,222.497447718874,False,normal
2026-09-01 20:30:30,/process,303.1434074234365,200,31328,247.2064305572206,False,normal
2026-09-01 20:31:00,/merge,110.85486240471988,200,6437,206.98596493940522,False,normal
2026-09-01 20:31:30,/merge,369.59909559389916,200,44968,184.65962494163296,False,normal
2026-09-01 20:32:00,/process,71.98542170370679,200,5396,277.4592579675857,False,normal
2026-09-01 20:32:30,/merge,79.07840585894905,200,5461,242.28563489334442,False,normal
2026-09-01 20:33:00,/aggregate,202.73858571333642,200,21379,837.6704554154938,True,memory_spike
2026-09-01 20:33:30,/process,325.0949094631975,200,41406,256.26918804780325,False,normal
2026-09-01 20:34:00,/export,216.38919925216396,200,20449,224.63419760536502,False,normal
2026-09-01 20:34:30,/aggregate,52.83862628736164,200,189,110.0450856074317,False,normal
2026-09-01 20:35:00,/process,254.98530013231405,200,28525,281.1364782987903,False,normal
2026-09-01 20:35:30,/process,290.73492077700394,200,36642,214.09603270597034,False,normal
2026-09-01 20:36:00,/merge,178.54312601016812,200,20357,330.6483564954728,False,normal
2026-09-01 20:36:30,/process,210.80804934573436,200,24714,322.7573935015031,False,normal
2026-09-01 20:37:00,/aggregate,377.5131347495451,200,46276,110.70639721010403,False,normal
2026-09-01 20:37:30,/process,363.51211412171386,200,45422,151.8493574428145,False,normal
2026-09-01 20:38:00,/aggregate,226.30800486018924,200,25871,268.07187313560826,False,normal
2026-09-01 20:38:30,/process,360.4820784703398,200,43761,134.08704105508568,False,normal
2026-09-01 20:39:00,/merge,117.99273868224722,200,9310,302.5331902020822,False,normal
2026-09-01 20:39:30,/aggregate,88.38181329525693,200,2420,261.8531521860141,False,normal
2026-09-01 20:40:00,/merge,276.16268304826764,200,32798,336.6493821765408,False,normal
2026-09-01 20:40:30,/process,209.20446338402405,200,24957,174.85629008706945,False,normal
2026-09-01 20:41:00,/process,131.9020913301678,500,11798,265.7922476900561,True,error_spike
2026-09-01 20:41:30,/merge,156.3843833414152,200,12179,242.57644703932593,False,normal
2026-09-01 20:42:00,/export,164.68666170621174,200,17626,264.0603452692518,False,normal
2026-09-01 20:42:30,/aggregate,204.38688511472535,200,22025,336.0111013585871,False,normal
2026-09-01 20:43:00,/export,293.13198379901996,200,35561,175.15030342982607,False,normal
2026-09-01 20:43:30,/merge,79.33132754318888,200,3408,142.47918240104772,False,normal
2026-09-01 20:44:00,/aggregate,139.75204143945368,200,12352,1282.999958716143,True,memory_spike
2026-09-01 20:44:30,/aggregate,164.15166791673704,200,18091,120.81219582191136,False,normal
2026-09-01 20:45:00,/process,333.73215075663677,200,41087,228.85792788006214,False,normal
2026-09-01 20:45:30,/aggregate,206.7938190907958,200,20485,330.03293033130615,False,normal
2026-09-01 20:46:00,/process,191.31113747265238,200,17949,308.64559040713635,False,normal
2026-09-01 20:46:30,/aggregate,65.1776892271615,200,294,266.6766691542055,False,normal
2026-09-01 20:47:00,/aggregate,391.6462612282478,200,47059,83.79907231903287,False,normal
2026-09-01 20:47:30,/process,211.0281876522513,200,23778,344.58589161966427,False,normal
2026-09-01 20:48:00,/process,312.3885585122042,200,38323,202.18766876619776,False,normal
2026-09-01 20:48:30,/process,376.40091222857643,200,44741,158.5752551928312,False,normal
2026-09-01 20:49:00,/aggregate,76.32212068241739,200,6303,98.13787787271546,False,normal
2026-09-01 20:49:30,/merge,70.57108990623057,200,3132,118.94484727485958,False,normal
2026-09-01 20:50:00,/aggregate,209.13076677422052,200,1704,92.30729441633703,True,latency_spike
2026-09-01 20:50:30,/aggregate,374.6062566964625,200,47243,231.1829484559869,False,normal
2026-09-01 20:51:00,/aggregate,170.59646033067168,200,18787,182.80835666061944,False,normal
2026-09-01 20:51:30,/process,203.34208895977648,200,24516,159.47951967406098,False,normal
2026-09-01 20:52:00,/process,82.53453409986952,200,3498,300.93350598953793,False,normal
2026-09-01 20:52:30,/merge,112.9142589480003,200,10608,101.60494725514688,False,normal
2026-09-01 20:53:00,/export,123.62184740298443,200,11362,193.93558508643497,False,normal
2026-09-01 20:53:30,/process,384.91223184727187,200,48458,296.85273159180906,False,normal
2026-09-01 20:54:00,/process,298.3241457391572,200,37096,304.07460061255927,False,normal
2026-09-01 20:54:30,/export,236.56885366993686,200,23728,271.4596312796367,False,normal
2026-09-01 20:55:00,/merge,245.44967883210427,200,29032,221.4932660233092,False,normal
2026-09-01 20:55:30,/aggregate,205.7239965754825,200,21902,122.92951367253141,False,normal
2026-09-01 20:56:00,/merge,47.616717879406295,200,2480,186.73504964744168,False,normal
2026-09-01 20:56:30,/aggregate,174.72905547992025,200,18885,276.8458646675597,False,normal
2026-09-01 20:57:00,/export,308.2148782399453,200,37639,290.81537749832785,False,normal
2026-09-01 20:57:30,/process,353.53299266069143,200,44078,244.7913024968756,False,normal
2026-09-01 20:58:00,/aggregate,325.05870793531955,200,40594,322.652551470032,False,normal
2026-09-01 20:58:30,/aggregate,97.70457267891355,200,6583,232.44305019355443,False,normal
2026-09-01 20:59:00,/process,361.47520940151696,200,41285,308.8532466660175,False,normal
2026-09-01 20:59:30,/merge,121.77341668383403,200,10602,324.26455118190336,False,normal
2026-09-01 21:00:00,/process,51.4318445950858,200,567,125.3721879742088,False,normal
2026-09-01 21:00:30,/merge,143.38770312172804,200,14232,119.35633155775928,False,normal
2026-09-01 21:01:00,/merge,217.4928883528173,200,18659,346.7327477563955,False,normal
2026-09-01 21:01:30,/aggregate,95.7900252963855,200,3215,159.9269048664651,False,normal
2026-09-01 21:02:00,/export,273.96696605695644,200,30892,201.07595755924018,False,normal
2026-09-01 21:02:30,/aggregate,355.42731633688777,200,42219,194.38891729648432,False,normal
2026-09-01 21:03:00,/merge,342.3075949503705,400,43321,309.0407892430276,False,normal
2026-09-01 21:03:30,/process,218.64334835970118,200,24482,83.37315233704831,False,normal
2026-09-01 21:04:00,/process,146.18465191374818,200,13366,212.4955832318255,False,normal
2026-09-01 21:04:30,/merge,262.1155539399335,200,30119,204.6552693087679,False,normal
2026-09-01 21:05:00,/export,126.07104745609419,200,12737,106.58427811102882,False,normal
2026-09-01 21:05:30,/aggregate,348.03887056205957,200,44285,200.48215941473347,False,normal
2026-09-01 21:06:00,/export,208.93913249004117,200,21689,316.05399240125377,False,normal
2026-09-01 21:06:30,/process,227.6426512036932,200,24788,93.89932619615519,False,normal
2026-09-01 21:07:00,/merge,220.8025946916389,200,28900,147.5822644854696,False,normal
2026-09-01 21:07:30,/merge,148.0963961621666,400,13887,244.10525245877093,False,normal
2026-09-01 21:08:00,/aggregate,417.6908650430168,200,49921,226.6846995882391,False,normal
2026-09-01 21:08:30,/aggregate,226.290022119578,200,26608,285.1600848750375,False,normal
2026-09-01 21:09:00,/merge,55.38364685499454,200,331,172.39538571413863,False,normal
2026-09-01 21:09:30,/process,203.55286352571278,200,25061,113.24695124870685,False,normal
2026-09-01 21:10:00,/aggregate,197.22842939415537,200,19349,179.91996644387956,False,normal
2026-09-01 21:10:30,/aggregate,138.2070242588131,200,15011,304.20066345097223,False,normal
2026-09-01 21:11:00,/aggregate,80.20140261510528,200,7012,197.63094384652243,False,normal
2026-09-01 21:11:30,/process,126.52684651937822,200,11665,187.09574898332673,False,normal
2026-09-01 21:12:00,/process,293.8490442031274,200,29920,291.09876233152045,False,normal
2026-09-01 21:12:30,/process,166.22732347201003,200,17954,238.0644745731171,False,normal
2026-09-01 21:13:00,/merge,230.15884964451106,200,28456,116.93345819816203,False,normal
2026-09-01 21:13:30,/process,313.7768484164706,200,36778,182.72799119621067,False,normal
2026-09-01 21:14:00,/process,205.80447899020254,200,21842,325.4774323338127,False,normal
2026-09-01 21:14:30,/process,132.3736137552382,200,8349,87.90383109391482,False,normal
2026-09-01 21:15:00,/aggregate,260.8793179955217,200,32857,285.8010968173245,False,normal
2026-09-01 21:15:30,/aggregate,374.72157570442334,200,49804,163.25882124022883,False,normal
2026-09-01 21:16:00,/merge,332.5608708798144,400,41094,282.0909993646753,False,normal
2026-09-01 21:16:30,/merge,137.9834951801363,200,11839,124.40709151492067,False,normal
2026-09-01 21:17:00,/export,346.05943874263176,200,41609,257.1581322222743,False,normal
2026-09-01 21:17:30,/merge,161.43417644723485,200,13705,312.19659444497245,False,normal
2026-09-01 21:18:00,/aggregate,67.22660522319102,200,5665,97.84893173350076,False,normal
2026-09-01 21:18:30,/process,81.02692081365612,200,6231,338.45999178677926,False,normal
2026-09-01 21:19:00,/export,320.93768248303326,200,39047,108.72169902812648,False,normal
2026-09-01 21:19:30,/process,199.4649738771315,200,19653,83.61003353042693,False,normal
2026-09-01 21:20:00,/aggregate,1983.0984493484993,200,45830,302.1099988878623,True,latency_spike
2026-09-01 21:20:30,/process,173.93093768110862,200,18655,218.42754106871638,False,normal
2026-09-01 21:21:00,/merge,56.37824236500909,200,3121,89.46319635299376,False,normal
2026-09-01 21:21:30,/process,301.37996502423005,200,34122,256.9283830526266,False,normal
2026-09-01 21:22:00,/aggregate,269.2787697426097,200,29395,217.29222721271861,False,normal
2026-09-01 21:22:30,/process,403.1367497296097,200,44812,348.6172236110093,False,normal
2026-09-01 21:23:00,/merge,384.19481165407353,200,48180,343.555968926958,False,normal
2026-09-01 21:23:30,/aggregate,160.705377278806,200,12468,317.2633517098948,False,normal
2026-09-01 21:24:00,/aggregate,118.86429089682264,200,12443,221.24342334187781,False,normal
2026-09-01 21:24:30,/process,324.97405090802715,200,40488,301.0362401401395,False,normal
2026-09-01 21:25:00,/process,172.51917855440803,200,18989,1334.5540632683337,True,memory_spike
2026-09-01 21:25:30,/merge,151.11675626902354,200,15483,153.58162325989412,False,normal
2026-09-01 21:26:00,/merge,90.62148197361348,200,7707,281.87688112931573,False,normal
2026-09-01 21:26:30,/merge,184.32837871763402,200,20395,159.85486054615734,False,normal
2026-09-01 21:27:00,/export,163.97208668467223,200,16460,193.45493026287232,False,normal
2026-09-01 21:27:30,/aggregate,88.43783343219017,200,6500,330.239779656312,True,memory_spike
2026-09-01 21:28:00,/process,119.9199845414713,200,8666,116.92685653949601,False,normal
2026-09-01 21:28:30,/aggregate,360.853644168628,200,44647,215.34683451240943,False,normal
2026-09-01 21:29:00,/process,92.29497848881041,200,6109,306.21955036711734,False,normal
2026-09-01 21:29:30,/aggregate,202.3130892580664,200,18728,294.4305677937155,False,normal
2026-09-01 21:30:00,/aggregate,191.00901644263175,200,19546,122.3471058855964,False,normal
2026-09-01 21:30:30,/aggregate,297.341089024299,200,35073,226.4870289154679,False,normal
2026-09-01 21:31:00,/export,1360.4283011744938,200,21213,162.79208303182278,True,latency_spike
2026-09-01 21:31:30,/merge,60.40992402701467,200,1419,135.30886988314984,False,normal
2026-09-01 21:32:00,/aggregate,268.4397078603983,200,30065,178.81113230645803,False,normal
2026-09-01 21:32:30,/merge,281.9724643392638,200,34886,263.58894070539765,False,normal
2026-09-01 21:33:00,/merge,257.68210173635345,200,27328,329.82380568738057,False,normal
2026-09-01 21:33:30,/merge,152.40636303172073,400,11393,106.28021226662707,False,normal
2026-09-01 21:34:00,/aggregate,399.9656642385601,200,47636,159.13202659391544,False,normal
2026-09-01 21:34:30,/merge,200.72902091066007,200,22628,282.00375164469176,False,normal
2026-09-01 21:35:00,/aggregate,254.5053071329714,200,32622,214.40825740580522,False,normal
2026-09-01 21:35:30,/process,279.19274161252406,200,33722,184.7225716142047,False,normal
2026-09-01 21:36:00,/process,115.19053203001715,200,9053,296.4347461606167,False,normal
2026-09-01 21:36:30,/aggregate,122.05537833965894,200,8618,84.88665127095919,False,normal
2026-09-01 21:37:00,/process,81.7187253924491,200,4977,335.51589676110615,False,normal
2026-09-01 21:37:30,/aggregate,229.94398516708995,200,26406,153.47078198718333,False,normal
2026-09-01 21:38:00,/aggregate,206.71726320826224,200,19258,308.64834586001507,False,normal
2026-09-01 21:38:30,/process,332.33179206324314,200,41802,305.40298724589945,False,normal
2026-09-01 21:39:00,/process,348.8891944285995,200,40524,306.2082014652449,False,normal
2026-09-01 21:39:30,/process,120.63907255378129,200,8254,247.15527213693215,False,normal
2026-09-01 21:40:00,/aggregate,257.65302812285387,200,32519,255.2027356569237,False,normal
2026-09-01 21:40:30,/process,217.68301817799568,200,23433,92.99591442160519,False,normal
2026-09-01 21:41:00,/aggregate,64.66360364423807,200,3327,195.3165769947068,False,normal
2026-09-01 21:41:30,/export,100.61315916483903,200,9284,248.85152925339983,False,normal
2026-09-01 21:42:00,/aggregate,308.23214551760367,200,40837,153.71593760183998,False,normal
2026-09-01 21:42:30,/merge,77.29526598611686,200,7251,263.9266410947162,False,normal
2026-09-01 21:43:00,/merge,208.04400704304953,200,21770,229.1598401829897,False,normal
2026-09-01 21:43:30,/export,215.70610336004808,200,24550,260.2107608830305,False,normal
2026-09-01 21:44:00,/process,331.6511000725515,200,39725,311.1823762917001,False,normal
2026-09-01 21:44:30,/process,194.15275658752523,200,22887,170.26588916644303,False,normal
2026-09-01 21:45:00,/export,234.4401113163995,200,27084,248.6493282728351,False,normal
2026-09-01 21:45:30,/aggregate,271.16064097940733,200,32227,93.23526845449747,False,normal
2026-09-01 21:46:00,/export,1082.2655893761603,200,18011,295.3159244584784,True,latency_spike
2026-09-01 21:46:30,/process,325.46305415938104,200,42904,300.09343315172146,False,normal
2026-09-01 21:47:00,/process,288.4962430118107,200,33209,265.7993039936827,False,normal
2026-09-01 21:47:30,/merge,299.2351238829537,200,35358,266.64821922233807,False,normal
2026-09-01 21:48:00,/aggregate,362.9495351670429,200,46728,231.35676595468541,False,normal
2026-09-01 21:48:30,/aggregate,166.2473743953996,200,16882,167.8282975585279,False,normal
2026-09-01 21:49:00,/export,314.6239102703642,200,36475,998.2317694941909,True,memory_spike
2026-09-01 21:49:30,/process,246.95787580478748,200,24355,115.54350138947473,False,normal
2026-09-01 21:50:00,/export,166.73253024599938,200,18602,237.0476726823155,False,normal
2026-09-01 21:50:30,/process,294.6731540632221,200,33721,109.1158503765718,False,normal
2026-09-01 21:51:00,/process,133.56957015624462,400,7554,281.2636472155125,False,normal
2026-09-01 21:51:30,/process,344.19887170995275,200,41952,215.52151922617404,False,normal
2026-09-01 21:52:00,/aggregate,396.0722551364336,200,46421,251.03066186855608,False,normal
2026-09-01 21:52:30,/aggregate,250.74331228630098,200,34169,126.00151808808775,False,normal
2026-09-01 21:53:00,/merge,205.94964263342126,200,19299,192.36976161394776,False,normal
2026-09-01 21:53:30,/process,225.6573574973486,200,25178,258.2749458380064,False,normal
2026-09-01 21:54:00,/process,125.13358845862207,200,14736,199.08531947612965,False,normal
2026-09-01 21:54:30,/process,108.3415023359656,200,6760,275.3499092047714,False,normal
2026-09-01 21:55:00,/aggregate,370.63639708413183,200,43664,102.90022482288994,False,normal
2026-09-01 21:55:30,/merge,371.31612150739267,200,43427,176.73579939956957,False,normal
2026-09-01 21:56:00,/aggregate,283.6624021077353,200,30924,109.15062933077013,False,normal
2026-09-01 21:56:30,/aggregate,148.10368658765273,200,14140,279.4859171456434,False,normal
2026-09-01 21:57:00,/aggregate,383.4978263003957,200,49276,186.5611867196868,False,normal
2026-09-01 21:57:30,/process,184.9753160092374,200,20313,281.98041566261463,False,normal
2026-09-01 21:58:00,/process,247.47301256564526,200,28346,284.18827586684847,False,normal
2026-09-01 21:58:30,/export,365.21785687334204,200,44241,90.19757251823314,False,normal
2026-09-01 21:59:00,/process,57.56412698578889,200,2154,247.7172580865743,False,normal
2026-09-01 21:59:30,/export,123.3991149747017,200,10446,297.1700208361682,False,normal
2026-09-01 22:00:00,/aggregate,317.6835407591977,200,36461,327.1921477346815,False,normal
2026-09-01 22:00:30,/process,374.2457143728628,200,45700,103.92927623028696,False,normal
2026-09-01 22:01:00,/process,385.8686382620647,200,43224,104.88029179835887,False,normal
2026-09-01 22:01:30,/process,162.01070193927183,200,11531,199.81205027053764,False,normal
2026-09-01 22:02:00,/process,309.02200779191134,200,39478,282.60142125375467,False,normal
2026-09-01 22:02:30,/aggregate,72.37556696126767,200,4452,110.13648653012054,False,normal
2026-09-01 22:03:00,/aggregate,237.37576029049129,200,29582,349.15989179318325,False,normal
2026-09-01 22:03:30,/aggregate,212.53113592582307,200,25729,272.2976328155647,False,normal
2026-09-01 22:04:00,/aggregate,358.6173310019591,200,43003,83.889853223459,False,normal
2026-09-01 22:04:30,/process,313.4607416624186,200,39786,280.849337952867,False,normal
2026-09-01 22:05:00,/process,48.3620172312564,200,2030,196.09017675392386,False,normal
2026-09-01 22:05:30,/export,186.84176727781124,200,20179,127.3884839351239,False,normal
2026-09-01 22:06:00,/process,88.47915899295214,200,3876,258.9804376648616,False,normal
2026-09-01 22:06:30,/merge,339.39627902635584,200,42152,273.0795704430485,False,normal
2026-09-01 22:07:00,/aggregate,51.19735392628229,200,985,247.729567792877,False,normal
2026-09-01 22:07:30,/merge,202.23006125581122,200,19878,148.35038950587364,False,normal
2026-09-01 22:08:00,/process,289.29491001312414,200,33255,129.12845866442922,False,normal
2026-09-01 22:08:30,/process,341.6900989480799,200,40773,96.16894854224765,False,normal
2026-09-01 22:09:00,/aggregate,380.34966396719375,200,45261,125.24607618573233,False,normal
2026-09-01 22:09:30,/export,74.73692969192842,200,5726,177.27026749998146,False,normal
2026-09-01 22:10:00,/process,143.5524408759414,200,12974,171.1362029611036,False,normal
2026-09-01 22:10:30,/process,139.9043803995441,200,14240,98.8599252771306,False,normal
2026-09-01 22:11:00,/process,160.95676495842497,200,13753,308.02869591077115,False,normal
2026-09-01 22:11:30,/merge,105.05748553164294,200,6211,130.46436507193636,False,normal
2026-09-01 22:12:00,/process,291.8584424411241,200,36812,101.6802017801018,False,normal
2026-09-01 22:12:30,/process,1488.877126379753,200,37006,136.3675383309869,True,latency_spike
2026-09-01 22:13:00,/aggregate,194.05745740672035,200,23102,199.32162970142312,False,normal
2026-09-01 22:13:30,/merge,231.53561044654842,200,23533,248.56761180438986,False,normal
2026-09-01 22:14:00,/aggregate,325.85675549151426,200,39039,101.97651086950087,False,normal
2026-09-01 22:14:30,/process,266.41130976662623,200,32814,120.80837364414319,False,normal
2026-09-01 22:15:00,/aggregate,89.30986529201539,200,8034,87.14389777891134,False,normal
2026-09-01 22:15:30,/process,129.0374930901215,200,11995,187.51939568677994,False,normal
2026-09-01 22:16:00,/process,227.6635444644039,200,25494,349.81575442074256,False,normal
2026-09-01 22:16:30,/export,296.4031870471685,200,36760,290.9363204879022,False,normal
2026-09-01 22:17:00,/aggregate,401.67451795973034,200,49116,310.2495535406913,False,normal
2026-09-01 22:17:30,/process,376.3833148579538,200,49640,326.76200475094413,False,normal
2026-09-01 22:18:00,/merge,228.6375356637782,200,25598,139.68010853194096,False,normal
2026-09-01 22:18:30,/export,77.88473088303914,200,4045,254.7607886688135,False,normal
2026-09-01 22:19:00,/merge,225.52326877215577,200,29082,192.52723947997345,False,normal
2026-09-01 22:19:30,/process,166.17913753364888,200,16008,178.05594966501428,False,normal
2026-09-01 22:20:00,/process,102.52063895191492,200,10229,284.76305944952423,False,normal
2026-09-01 22:20:30,/aggregate,317.0886392394058,200,43484,231.7447149280799,False,normal
2026-09-01 22:21:00,/aggregate,336.1418735662042,200,42235,248.04903514270651,False,normal
2026-09-01 22:21:30,/merge,344.35132347479885,200,42596,153.04262487674163,False,normal
2026-09-01 22:22:00,/export,75.74753784713458,200,1835,333.7965260370318,False,normal
2026-09-01 22:22:30,/export,347.67316492986134,200,43614,257.11912969796606,False,normal
2026-09-01 22:23:00,/process,381.49663432508163,200,44313,250.00363914878298,False,normal
2026-09-01 22:23:30,/aggregate,150.63616095294083,200,11406,285.084211074309,False,normal
2026-09-01 22:24:00,/process,259.11545081061047,200,27632,326.6633451921683,False,normal
2026-09-01 22:24:30,/aggregate,266.5041633499467,200,28201,127.44672074971105,False,normal
2026-09-01 22:25:00,/process,219.92665423822956,200,23600,151.28454260792932,False,normal
2026-09-01 22:25:30,/process,72.08959675756773,200,4395,342.54740229916325,False,normal
2026-09-01 22:26:00,/process,99.24391271923153,200,5731,261.9641226573433,False,normal
2026-09-01 22:26:30,/process,215.09761192834284,200,21607,1487.9547677854275,True,memory_spike
2026-09-01 22:27:00,/process,147.85229449754294,200,13539,169.49226756865903,False,normal
2026-09-01 22:27:30,/merge,247.87191303291243,200,28849,346.3911071771852,False,normal
2026-09-01 22:28:00,/process,234.58553516608615,200,29744,196.47564567493694,False,normal
2026-09-01 22:28:30,/process,150.54749210502126,200,13001,297.2497369998961,False,normal
2026-09-01 22:29:00,/aggregate,201.34208689242539,200,20942,326.0598063344494,False,normal
2026-09-01 22:29:30,/aggregate,178.45533302722484,200,21164,219.60081190785962,False,normal
2026-09-01 22:30:00,/merge,389.67259214624266,200,48379,192.51551718826664,False,normal
2026-09-01 22:30:30,/merge,188.8342002793294,200,18372,214.42907914200902,False,normal
2026-09-01 22:31:00,/aggregate,233.57364448333692,200,26520,114.81796395476727,False,normal
2026-09-01 22:31:30,/aggregate,91.39590979553209,200,4323,99.33445853986692,False,normal
2026-09-01 22:32:00,/merge,193.52241435296006,200,18974,335.2144371101183,False,normal
2026-09-01 22:32:30,/process,52.34123539733723,200,3519,256.09848857169067,False,normal
2026-09-01 22:33:00,/process,73.23874696935852,200,4021,102.7256933380038,False,normal
2026-09-01 22:33:30,/merge,330.2540975292867,200,39077,239.2514182391618,False,normal
2026-09-01 22:34:00,/process,72.40885658327937,200,1329,147.16336312284278,False,normal
2026-09-01 22:34:30,/aggregate,72.13018041061939,200,246,306.77948706506487,False,normal
2026-09-01 22:35:00,/process,328.63607383627647,200,43924,176.93534320201036,False,normal
2026-09-01 22:35:30,/aggregate,393.7217675181263,200,49308,84.71468298855817,False,normal
2026-09-01 22:36:00,/merge,121.73745659130714,200,8800,259.683476834488,False,normal
2026-09-01 22:36:30,/aggregate,381.71776294435824,200,44865,348.4886746089974,False,normal
2026-09-01 22:37:00,/aggregate,363.0123159389252,200,41213,279.00259430370176,False,normal
2026-09-01 22:37:30,/process,381.2645386643803,200,49365,339.5761312454105,False,normal
2026-09-01 22:38:00,/merge,187.59894635023494,200,20510,107.57499480411602,False,normal
2026-09-01 22:38:30,/aggregate,309.0585308434836,200,39302,158.7415128609477,False,normal
2026-09-01 22:39:00,/aggregate,89.83213391759799,200,4025,289.4560945644108,False,normal
2026-09-01 22:39:30,/merge,31.50347364138488,200,223,204.81993357922104,False,normal
2026-09-01 22:40:00,/aggregate,80.22064657793919,200,1878,128.1254732162992,False,normal
2026-09-01 22:40:30,/export,104.61442328660371,200,5886,172.54582161411315,False,normal
2026-09-01 22:41:00,/aggregate,371.27905348470443,400,44931,157.05185515472522,False,normal
2026-09-01 22:41:30,/merge,129.40167046472297,200,16002,269.9469596784671,False,normal
2026-09-01 22:42:00,/aggregate,164.5786051769939,200,17867,288.63181726076135,False,normal
2026-09-01 22:42:30,/merge,124.68839091580955,200,9150,278.60267927909103,False,normal
2026-09-01 22:43:00,/merge,206.0946191096035,200,25363,260.3414870468657,False,normal
2026-09-01 22:43:30,/process,67.81739710050871,200,3118,281.8972935553972,False,normal
2026-09-01 22:44:00,/aggregate,128.00627156442786,200,11430,329.22827885521946,False,normal
2026-09-01 22:44:30,/aggregate,383.72496706706835,200,45857,151.24058172383187,False,normal
2026-09-01 22:45:00,/process,367.73432700702443,200,44858,155.17133971060426,False,normal
2026-09-01 22:45:30,/merge,372.2478246529631,200,45520,345.09525788010455,False,normal
2026-09-01 22:46:00,/merge,163.0042581567701,200,17141,317.74333113044315,False,normal
2026-09-01 22:46:30,/export,318.2440737859776,200,38375,259.4308345465547,False,normal
2026-09-01 22:47:00,/process,78.91640031799524,200,4481,294.25088406501305,False,normal
2026-09-01 22:47:30,/aggregate,149.41528757907128,200,12727,253.62206124631402,False,normal
2026-09-01 22:48:00,/export,149.33855382456022,200,14637,163.24949187148425,False,normal
2026-09-01 22:48:30,/aggregate,363.2752563964686,200,42632,232.6346102657617,False,normal
2026-09-01 22:49:00,/merge,314.90202074777744,200,41504,145.92318772599447,False,normal
2026-09-01 22:49:30,/aggregate,354.15467375156766,200,40976,106.58991043300135,False,normal
2026-09-01 22:50:00,/process,173.27094653236767,200,18037,171.5147074020589,False,normal
2026-09-01 22:50:30,/process,179.99453977965868,200,16249,298.2995349460174,False,normal
2026-09-01 22:51:00,/process,345.90463737773564,200,42162,117.51928425632983,False,normal
2026-09-01 22:51:30,/aggregate,107.4859479454882,200,6470,92.30512860934269,False,normal
2026-09-01 22:52:00,/process,238.18524769924784,200,23788,143.58851451019285,False,normal
2026-09-01 22:52:30,/merge,89.37165945440792,200,6865,291.7890843752077,False,normal
2026-09-01 22:53:00,/export,257.63297212054096,200,29560,318.31921034006166,False,normal
2026-09-01 22:53:30,/process,190.55614476147804,200,20507,153.90117712597765,False,normal
2026-09-01 22:54:00,/process,286.482146545205,200,33410,339.33348534356765,False,normal
2026-09-01 22:54:30,/process,316.88458241217256,200,41623,208.99980404699465,False,normal
2026-09-01 22:55:00,/export,121.50783389764975,200,10646,265.42101618831816,False,normal
2026-09-01 22:55:30,/process,73.19164401454694,200,3909,260.30890330849184,False,normal
2026-09-01 22:56:00,/aggregate,70.44679996894126,200,4654,200.03339155727622,False,normal
2026-09-01 22:56:30,/process,197.43032143213472,200,21542,307.13712626657684,False,normal
2026-09-01 22:57:00,/process,298.82511234696324,200,38881,322.2689456246949,False,normal
2026-09-01 22:57:30,/process,194.79692076220869,200,17794,207.29382058123855,False,normal
2026-09-01 22:58:00,/aggregate,329.1138234936713,200,38996,161.21487104790265,False,normal
2026-09-01 22:58:30,/process,389.8407920838727,200,44629,332.9380094543668,False,normal
2026-09-01 22:59:00,/merge,376.2019240499087,200,48520,268.9272709871045,False,normal
2026-09-01 22:59:30,/aggregate,86.34165515620965,200,7732,178.17576232056945,False,normal
2026-09-01 23:00:00,/process,1642.3816613211284,200,30744,124.244216874045,True,latency_spike
2026-09-01 23:00:30,/process,254.4796829015978,200,32813,186.5432878747804,False,normal
2026-09-01 23:01:00,/aggregate,242.71028779232412,200,27122,199.8592875207791,False,normal
2026-09-01 23:01:30,/aggregate,152.60468331266173,200,16217,299.72327752612046,False,normal
2026-09-01 23:02:00,/process,184.6584282021295,200,20016,269.49430344593634,False,normal
2026-09-01 23:02:30,/process,279.790914657484,200,32361,217.78268611440794,False,normal
2026-09-01 23:03:00,/aggregate,222.95693913186565,200,24683,325.1583224003761,False,normal
2026-09-01 23:03:30,/export,364.99150256810617,200,41129,237.93811709476591,False,normal
2026-09-01 23:04:00,/aggregate,125.79257498394506,200,9562,313.1959903698106,False,normal
2026-09-01 23:04:30,/merge,319.0885251523119,200,41249,97.40588423777379,False,normal
2026-09-01 23:05:00,/aggregate,280.089850547974,200,30868,101.53714097376164,False,normal
2026-09-01 23:05:30,/aggregate,325.67493382442143,200,42291,312.08232668494855,False,normal
2026-09-01 23:06:00,/aggregate,57.28206886663754,200,931,278.50989016617063,False,normal
2026-09-01 23:06:30,/aggregate,133.90380701691657,200,14701,149.96838092768667,False,normal
2026-09-01 23:07:00,/aggregate,366.57180355500805,200,47052,112.52825045062269,False,normal
2026-09-01 23:07:30,/merge,166.01082180952469,200,13866,99.34782698376702,False,normal
2026-09-01 23:08:00,/process,197.8917136540262,200,22382,166.37854647515496,False,normal
2026-09-01 23:08:30,/process,83.47015947888121,200,6221,319.12351329651864,False,normal
2026-09-01 23:09:00,/merge,353.3570572976625,200,44603,131.79171390768377,False,normal
2026-09-01 23:09:30,/process,134.71961392958696,200,12841,147.23764322122582,False,normal
2026-09-01 23:10:00,/merge,397.5561315033611,200,46676,304.50845524577755,False,normal
2026-09-01 23:10:30,/export,74.36685741314378,200,6055,129.94382759611173,False,normal
2026-09-01 23:11:00,/aggregate,324.41867978638,200,41899,144.58378323642327,False,normal
2026-09-01 23:11:30,/process,332.58332466749977,200,39221,281.54050820297874,False,normal
2026-09-01 23:12:00,/merge,34.12632719523761,200,1189,311.2324555922447,False,normal
2026-09-01 23:12:30,/aggregate,61.24334571989101,200,2461,334.38801477297136,False,normal
2026-09-01 23:13:00,/process,280.0866286303509,200,30555,92.10555014588897,False,normal
2026-09-01 23:13:30,/merge,117.10798268498392,200,9666,169.00233063491186,False,normal
2026-09-01 23:14:00,/aggregate,379.64039416116344,200,48190,244.89360137413595,False,normal
2026-09-01 23:14:30,/process,315.5948649966305,200,39529,169.60169001838648,False,normal
2026-09-01 23:15:00,/process,244.34808076421953,200,29789,280.1241231435895,False,normal
2026-09-01 23:15:30,/process,309.7747292148859,200,38447,140.84710931330477,False,normal
2026-09-01 23:16:00,/aggregate,55.03804329214881,200,518,243.2312325506294,False,normal
2026-09-01 23:16:30,/merge,408.5568615667724,200,48677,123.7672276661698,False,normal
2026-09-01 23:17:00,/process,377.0911275492696,200,44771,120.63256377863183,False,normal
2026-09-01 23:17:30,/process,175.68395267014537,200,19242,295.37775687119506,False,normal
2026-09-01 23:18:00,/aggregate,308.37250616770524,200,38550,249.45109555967392,False,normal
2026-09-01 23:18:30,/aggregate,76.10661612730689,200,2350,233.26371690661657,False,normal
2026-09-01 23:19:00,/aggregate,128.30896451253767,200,15124,181.50457231428655,False,normal
2026-09-01 23:19:30,/merge,325.81954493781325,200,40427,261.8085447729883,False,normal
2026-09-01 23:20:00,/export,94.167977608153,200,7094,337.1693588419371,False,normal
2026-09-01 23:20:30,/export,133.55073613399756,200,14385,181.2309843970909,False,normal
2026-09-01 23:21:00,/merge,265.91512106360955,200,33051,92.80383188871764,False,normal
2026-09-01 23:21:30,/process,325.2059431451284,200,38680,149.57972621744517,False,normal
2026-09-01 23:22:00,/process,308.1145476211349,200,40478,290.8368539557108,False,normal
2026-09-01 23:22:30,/aggregate,43.180443919056316,200,1066,160.3353728853675,False,normal
2026-09-01 23:23:00,/export,188.7124202953323,200,21295,283.69715373153645,False,normal
2026-09-01 23:23:30,/process,63.29797557551889,200,1836,135.0217739720701,False,normal
2026-09-01 23:24:00,/aggregate,177.58890510401943,200,21240,241.04118763664462,False,normal
2026-09-01 23:24:30,/process,274.91968567630687,200,29945,178.72185270584293,False,normal
2026-09-01 23:25:00,/aggregate,134.53325837117907,200,12843,223.8709297800083,False,normal
2026-09-01 23:25:30,/process,284.98889408742656,200,34237,181.14815283706662,False,normal
2026-09-01 23:26:00,/process,138.11330234499482,200,13473,240.2254794974179,False,normal
2026-09-01 23:26:30,/process,236.18600700314013,200,28143,279.5777340130015,False,normal
2026-09-01 23:27:00,/process,249.0942208000596,200,30639,269.21792530258654,False,normal
2026-09-01 23:27:30,/aggregate,252.72883947484678,200,26657,196.1920564943234,False,normal
2026-09-01 23:28:00,/aggregate,262.2045176984379,200,817,89.98593658230571,True,latency_spike
2026-09-01 23:28:30,/merge,256.7524936217349,200,29896,303.32978338642226,False,normal
2026-09-01 23:29:00,/aggregate,185.6429269108304,200,17402,108.80175801738218,False,normal
2026-09-01 23:29:30,/export,84.98246091287967,200,6633,182.40642386065093,False,normal
2026-09-01 23:30:00,/process,285.5745361769497,200,32455,292.9691089107466,False,normal
2026-09-01 23:30:30,/merge,72.30599184911908,200,3274,344.4758572612592,False,normal
2026-09-01 23:31:00,/process,102.5231779217849,200,9520,276.16387510506183,False,normal
2026-09-01 23:31:30,/aggregate,183.02308784323355,200,17535,110.7896414312169,False,normal
2026-09-01 23:32:00,/merge,86.4427819089967,200,8505,340.48767659285204,False,normal
2026-09-01 23:32:30,/process,250.68356278421408,200,27434,92.79762505985411,False,normal
2026-09-01 23:33:00,/aggregate,292.5400368798571,200,36660,89.90680514150735,False,normal
2026-09-01 23:33:30,/aggregate,142.666085266967,200,12518,278.6291399038364,False,normal
2026-09-01 23:34:00,/process,2458.431076480643,200,47896,328.04339249847555,True,latency_spike
2026-09-01 23:34:30,/aggregate,120.59105199367194,200,9032,252.88862595536492,False,normal
2026-09-01 23:35:00,/process,345.8638554788879,200,43687,1397.0086375426117,True,memory_spike
2026-09-01 23:35:30,/process,205.1402584754075,200,22374,254.89558204019778,False,normal
2026-09-01 23:36:00,/aggregate,311.118050279726,200,38231,102.84855740664544,False,normal
2026-09-01 23:36:30,/export,175.3889342129192,200,20543,247.20560107121085,False,normal
2026-09-01 23:37:00,/export,339.54014902894477,200,43855,286.86643899222486,False,normal
2026-09-01 23:37:30,/process,144.09948766292308,200,13508,213.37806500351184,False,normal
2026-09-01 23:38:00,/process,69.3278126836002,200,1786,271.867744277028,False,normal
2026-09-01 23:38:30,/aggregate,347.3199109110548,200,46359,206.3609965082371,False,normal
2026-09-01 23:39:00,/aggregate,267.32853637048083,200,31362,107.73993595805281,False,normal
2026-09-01 23:39:30,/process,386.4023341385597,200,47153,312.7746221653465,False,normal
2026-09-01 23:40:00,/merge,144.36405385238302,200,13416,135.79051244409956,False,normal
2026-09-01 23:40:30,/merge,51.05099638369113,200,2434,135.27384835079405,False,normal
2026-09-01 23:41:00,/aggregate,218.53334544027803,200,22063,114.95183540011892,False,normal
2026-09-01 23:41:30,/aggregate,199.22839923506845,200,24055,543.2089023022348,True,memory_spike
2026-09-01 23:42:00,/aggregate,240.77678024151592,200,26061,188.56237882542058,False,normal
2026-09-01 23:42:30,/aggregate,156.15359080213122,200,11964,133.59272191393705,False,normal
2026-09-01 23:43:00,/export,322.8142306976252,200,43453,124.0012705189997,False,normal
2026-09-01 23:43:30,/export,170.64536710897497,200,16871,201.8339437707557,False,normal
2026-09-01 23:44:00,/export,1472.2843911038133,200,22939,83.2893353385801,True,latency_spike
2026-09-01 23:44:30,/merge,452.00052300585213,200,1521,212.7928370196799,True,latency_spike
2026-09-01 23:45:00,/process,193.99456141312467,200,22371,108.89124433689099,False,normal
2026-09-01 23:45:30,/aggregate,72.781981461097,200,4096,116.07425588365096,False,normal
2026-09-01 23:46:00,/merge,215.12308570640744,200,26718,112.37362719822804,False,normal
2026-09-01 23:46:30,/process,63.04477728221088,200,1772,308.59635429845673,False,normal
2026-09-01 23:47:00,/aggregate,161.14231459598568,200,14934,300.2058237986208,False,normal
2026-09-01 23:47:30,/process,83.45461866112898,200,6370,345.8665579444784,False,normal
2026-09-01 23:48:00,/process,66.43091911294763,200,4487,297.53917998898623,False,normal
2026-09-01 23:48:30,/aggregate,269.1746609307816,200,32498,216.61542651430565,False,normal
2026-09-01 23:49:00,/process,2237.3380847603626,200,49534,186.25972729696946,True,latency_spike
2026-09-01 23:49:30,/aggregate,77.60173662192948,200,4009,237.8890194000578,False,normal
2026-09-01 23:50:00,/process,215.84519909820511,200,24106,250.09734664917755,False,normal
2026-09-01 23:50:30,/merge,359.8016250981909,200,44309,346.9084298524935,False,normal
2026-09-01 23:51:00,/process,348.226631122036,200,45559,170.50067497300415,False,normal
2026-09-01 23:51:30,/process,289.4550007516654,200,40150,323.93639308661363,False,normal
2026-09-01 23:52:00,/merge,61.9585834127887,200,609,336.7397594747454,False,normal
2026-09-01 23:52:30,/aggregate,164.28212236694225,200,13534,337.726592598193,False,normal
2026-09-01 23:53:00,/process,34.699309094431925,200,995,248.95595659532486,False,normal
2026-09-01 23:53:30,/process,281.0309321727578,200,34606,246.06055569942427,False,normal
2026-09-01 23:54:00,/aggregate,191.24995156510812,200,19749,349.01787553812306,False,normal
2026-09-01 23:54:30,/process,395.8322283141031,200,47602,191.77378265166635,False,normal
2026-09-01 23:55:00,/process,138.3011167822616,200,11454,289.50646211110836,False,normal
2026-09-01 23:55:30,/aggregate,658.4052897721403,200,5900,101.6168987130551,True,latency_spike
2026-09-01 23:56:00,/aggregate,187.00499557556654,200,19890,144.37591994340028,False,normal
2026-09-01 23:56:30,/process,250.98928118250237,200,28047,216.0260493148459,False,normal
2026-09-01 23:57:00,/aggregate,207.63843058412007,200,21860,278.78063978880834,False,normal
2026-09-01 23:57:30,/aggregate,205.52212717061136,200,23331,128.30884293304013,False,normal
2026-09-01 23:58:00,/process,240.55384937651945,200,24902,301.18657178143246,False,normal
2026-09-01 23:58:30,/process,166.82053672159316,200,15585,235.18246806966627,False,normal
2026-09-01 23:59:00,/process,91.72113308624392,200,4111,116.66053669931809,False,normal
2026-09-01 23:59:30,/merge,144.08864250981398,200,14468,90.4480431936553,False,normal
2026-09-02 00:00:00,/process,234.04624170458194,200,24335,187.4971356492701,False,normal
2026-09-02 00:00:30,/process,63.95950786153982,200,4416,301.91356399601625,False,normal
2026-09-02 00:01:00,/process,192.3531178494268,200,19718,343.7040818863899,False,normal
2026-09-02 00:01:30,/aggregate,236.8360220326149,200,32389,285.1272957039143,False,normal
2026-09-02 00:02:00,/merge,65.40576840066332,200,4530,140.75753470824654,False,normal
2026-09-02 00:02:30,/process,129.11941933756378,200,9966,322.2466395860505,False,normal
2026-09-02 00:03:00,/merge,375.13332355242756,200,47604,122.1598954000082,False,normal
2026-09-02 00:03:30,/aggregate,199.43192375774993,200,21194,187.19198667575523,False,normal
2026-09-02 00:04:00,/process,100.26112455906662,200,10796,260.5360231124775,False,normal
2026-09-02 00:04:30,/export,396.1415161499341,200,46412,171.26823488704846,False,normal
2026-09-02 00:05:00,/process,119.74222584244234,200,8924,168.81432126930463,False,normal
2026-09-02 00:05:30,/merge,170.4792312308077,500,17478,196.92097569901208,True,error_spike
2026-09-02 00:06:00,/process,361.2191149255659,200,43800,324.151668997407,False,normal
2026-09-02 00:06:30,/aggregate,164.46646274370798,200,15877,206.42553480259653,False,normal
2026-09-02 00:07:00,/aggregate,117.92533405354828,200,6947,103.59994995199186,False,normal
2026-09-02 00:07:30,/merge,2024.4125952115323,200,46630,176.07097885980744,True,latency_spike
2026-09-02 00:08:00,/merge,372.2781762329812,200,49340,238.23068841268807,False,normal
2026-09-02 00:08:30,/aggregate,249.29303227208496,200,29220,226.03641086055683,False,normal
2026-09-02 00:09:00,/process,144.46416052324693,200,11016,338.11116067794535,False,normal
2026-09-02 00:09:30,/aggregate,256.84027381430695,200,28568,217.3130182819603,False,normal
2026-09-02 00:10:00,/process,123.75369796118517,200,11632,293.4055859530668,False,normal
2026-09-02 00:10:30,/export,135.83302286200046,200,11196,282.55784651203567,False,normal
2026-09-02 00:11:00,/aggregate,312.1195451628225,200,37415,205.89209413740795,False,normal
2026-09-02 00:11:30,/aggregate,282.1221350331543,200,32096,193.15059791534455,False,normal
2026-09-02 00:12:00,/process,154.89542992636115,200,18525,810.4036447778997,True,memory_spike
2026-09-02 00:12:30,/merge,168.46840972459896,200,19020,112.26166406257703,False,normal
2026-09-02 00:13:00,/process,250.53650641558747,200,27465,103.34416152301968,False,normal
2026-09-02 00:13:30,/merge,235.8799326597214,200,27235,110.8311864724282,False,normal
2026-09-02 00:14:00,/aggregate,65.86504471759966,200,1743,115.25434571376022,False,normal
2026-09-02 00:14:30,/aggregate,216.85133967701333,200,19944,102.16268337596972,False,normal
2026-09-02 00:15:00,/merge,232.42092043573686,200,26927,186.9663975000483,False,normal
2026-09-02 00:15:30,/process,81.05604449556483,200,4144,120.11696475882974,False,normal
2026-09-02 00:16:00,/process,284.2257796756389,200,34842,344.0216327246952,False,normal
2026-09-02 00:16:30,/aggregate,346.6098649825106,200,43896,189.73132733668118,False,normal
2026-09-02 00:17:00,/process,306.6181852470134,200,37030,81.23503117153923,False,normal
2026-09-02 00:17:30,/process,269.5302117851283,200,34619,258.3509184917592,False,normal
2026-09-02 00:18:00,/aggregate,316.87868772340005,200,42748,273.13109625919384,False,normal
2026-09-02 00:18:30,/merge,403.9314545433394,200,47915,335.96527141243797,False,normal
2026-09-02 00:19:00,/process,128.77437033386968,200,11684,146.04161319899643,False,normal
2026-09-02 00:19:30,/aggregate,172.72645182614306,200,15392,165.84194989665343,False,normal
2026-09-02 00:20:00,/export,188.54789077690904,200,19750,282.0447554598811,False,normal
2026-09-02 00:20:30,/merge,149.69139903319868,200,14143,248.9470223270373,False,normal
2026-09-02 00:21:00,/export,335.2362350169726,200,39557,248.68860097065914,False,normal
2026-09-02 00:21:30,/aggregate,107.11134322765615,200,6868,332.339274973441,False,normal
2026-09-02 00:22:00,/aggregate,81.53947462836732,200,7239,349.0348719671818,False,normal
2026-09-02 00:22:30,/aggregate,173.6942639096399,200,15354,82.29904701902672,False,normal
2026-09-02 00:23:00,/aggregate,306.2923111627745,200,38859,184.69437826816807,False,normal
2026-09-02 00:23:30,/aggregate,165.73654726465952,200,16321,334.7528171328288,False,normal
2026-09-02 00:24:00,/process,313.14294433823545,200,32453,84.85411109687217,False,normal
2026-09-02 00:24:30,/process,114.64044519657821,200,9279,171.49754091333676,False,normal
2026-09-02 00:25:00,/process,221.03094144439967,200,21155,286.36791626136403,False,normal
2026-09-02 00:25:30,/process,136.54128368177993,200,13303,100.2453064956704,False,normal
2026-09-02 00:26:00,/merge,174.21816216736326,200,16672,238.68273830541455,False,normal
2026-09-02 00:26:30,/aggregate,152.66294562249078,200,14771,328.44814333411955,False,normal
2026-09-02 00:27:00,/process,138.87583317158396,200,12034,224.24274495416043,False,normal
2026-09-02 00:27:30,/merge,336.3718713244213,200,42912,396.370175210896,True,memory_spike
2026-09-02 00:28:00,/process,246.21137772886541,200,30164,110.64211199892104,False,normal
2026-09-02 00:28:30,/export,210.0182664047117,200,22369,190.46651496683575,False,normal
2026-09-02 00:29:00,/aggregate,274.02109442613954,200,35486,83.32806888873806,False,normal
2026-09-02 00:29:30,/aggregate,323.20863510086104,200,41008,258.43600825418355,False,normal
2026-09-02 00:30:00,/aggregate,110.65437239172017,200,7533,152.69867434004956,False,normal
2026-09-02 00:30:30,/merge,57.58740572615828,200,2583,172.51391927526933,False,normal
2026-09-02 00:31:00,/process,53.5779789927723,200,2582,291.577804380335,False,normal
2026-09-02 00:31:30,/process,98.81895762012554,200,9504,278.24701126400834,False,normal
2026-09-02 00:32:00,/aggregate,166.51423021998545,200,16548,296.06418915513973,False,normal
2026-09-02 00:32:30,/process,376.6790078984031,200,47641,131.258609576386,False,normal
2026-09-02 00:33:00,/aggregate,68.26070076410639,200,2506,172.74784602535917,False,normal
2026-09-02 00:33:30,/aggregate,64.03960883963505,200,2610,1197.5171529406527,True,memory_spike
2026-09-02 00:34:00,/process,175.97252917513305,502,14334,215.53804806503297,True,error_spike
2026-09-02 00:34:30,/export,67.09521735008403,200,3566,297.7714489060149,False,normal
2026-09-02 00:35:00,/aggregate,265.96106929949957,200,35158,191.56406603610498,False,normal
2026-09-02 00:35:30,/process,231.8589831559376,200,25947,325.8470054794403,False,normal
2026-09-02 00:36:00,/merge,279.24620309664925,200,32955,139.49166805391945,False,normal
2026-09-02 00:36:30,/aggregate,152.74999410443021,200,14562,256.6067658584757,False,normal
2026-09-02 00:37:00,/aggregate,369.693587906281,200,49238,295.98667428915815,False,normal
2026-09-02 00:37:30,/merge,133.6284366221363,400,9790,346.94254315415947,False,normal
2026-09-02 00:38:00,/export,329.5050769637208,200,40205,182.1313119178174,False,normal
2026-09-02 00:38:30,/process,261.2339397667174,200,30476,318.7106706747252,False,normal
2026-09-02 00:39:00,/export,335.22653786750845,200,44265,242.62201287636876,False,normal
2026-09-02 00:39:30,/aggregate,268.91197110483,200,30494,253.1086104990852,False,normal
2026-09-02 00:40:00,/process,253.99572001236626,200,29489,149.34122502357297,False,normal
2026-09-02 00:40:30,/process,134.67783248662147,200,9484,317.2817614443285,False,normal
2026-09-02 00:41:00,/process,116.72968666857045,200,10611,98.0796251541511,False,normal
2026-09-02 00:41:30,/merge,219.45845281161522,200,26999,347.53268794596096,False,normal
2026-09-02 00:42:00,/aggregate,163.5363815084805,200,16161,233.0402861082533,False,normal
2026-09-02 00:42:30,/process,194.73756993078555,200,22794,237.12862438502165,False,normal
2026-09-02 00:43:00,/merge,189.3308628765292,200,19247,127.22566727592061,False,normal
2026-09-02 00:43:30,/aggregate,329.09464991246523,200,42341,262.4133446835872,False,normal
2026-09-02 00:44:00,/merge,382.8275450444563,200,48026,121.94971336423811,False,normal
2026-09-02 00:44:30,/process,69.82457943734357,200,3515,305.4638564260081,False,normal
2026-09-02 00:45:00,/merge,291.72305719539025,200,34813,281.7851735002324,False,normal
2026-09-02 00:45:30,/merge,123.14476331614706,200,11732,125.56462545391044,False,normal
2026-09-02 00:46:00,/process,125.06556443867417,200,12625,292.90558836822026,False,normal
2026-09-02 00:46:30,/aggregate,245.73546404432238,200,28296,250.94694055393367,False,normal
2026-09-02 00:47:00,/process,158.18114695964948,200,16873,160.05203407146817,False,normal
2026-09-02 00:47:30,/aggregate,63.114285298164134,200,1765,259.09522536087036,False,normal
2026-09-02 00:48:00,/process,156.5832599512329,200,16003,267.76080157160214,False,normal
2026-09-02 00:48:30,/merge,311.8652004715242,200,42300,214.94374602641673,False,normal
2026-09-02 00:49:00,/process,323.0574428264396,200,39347,267.2604770227307,False,normal
2026-09-02 00:49:30,/aggregate,407.6813027740247,200,48414,293.61263475179334,False,normal
2026-09-02 00:50:00,/aggregate,277.5184596996587,200,32081,320.7481929072459,False,normal
2026-09-02 00:50:30,/process,172.6253606872918,200,16481,304.2751453911502,False,normal
2026-09-02 00:51:00,/process,297.6769004576831,200,34644,109.07553502354659,False,normal
2026-09-02 00:51:30,/export,313.0246745786527,200,38761,312.54394846114644,False,normal
2026-09-02 00:52:00,/process,151.71013366254152,200,17514,336.4450170292303,False,normal
2026-09-02 00:52:30,/process,148.01907835501456,200,12529,210.4042594641824,False,normal
2026-09-02 00:53:00,/process,154.4583022190492,200,12940,324.53012423659266,False,normal
2026-09-02 00:53:30,/aggregate,388.61669685949687,200,47406,140.52737323847748,False,normal
2026-09-02 00:54:00,/process,387.043901621995,400,47477,90.87952489815041,False,normal
2026-09-02 00:54:30,/process,128.9219439710203,200,10664,200.5373150927116,False,normal
2026-09-02 00:55:00,/aggregate,138.00131106053195,200,12839,112.3480247931515,False,normal
2026-09-02 00:55:30,/merge,55.27492842904148,200,394,115.34929295432458,False,normal
2026-09-02 00:56:00,/merge,313.32976425084985,200,37803,199.85689805784523,False,normal
2026-09-02 00:56:30,/aggregate,77.82107930030976,200,3507,342.976579855129,False,normal
2026-09-02 00:57:00,/process,76.27531597347082,200,5923,220.41441407645064,False,normal
2026-09-02 00:57:30,/process,200.30807325362477,200,22987,346.71539584376126,False,normal
2026-09-02 00:58:00,/aggregate,139.6397002290711,200,11836,217.40192245148333,False,normal
2026-09-02 00:58:30,/aggregate,57.722590069230876,200,2014,205.0477640018422,False,normal
2026-09-02 00:59:00,/aggregate,31.814565557474346,200,2621,85.64228417404554,False,normal
2026-09-02 00:59:30,/export,393.49799813463613,200,49021,102.5053796754053,False,normal
